source_path	target_path	size	sha256	source_sha256	transform
UploadFiles/xwzx/2022/1/202201030754380062.png	UploadFiles/xwzx/2022/1/202201030754380062.png	528710	46cb2ecf0d17507a96056b5a5e8268f77cd30e2a45da846bba91f8f855afb75b	46cb2ecf0d17507a96056b5a5e8268f77cd30e2a45da846bba91f8f855afb75b	
UploadFiles/xwzx/2022/1/202201030759241739.JPG	UploadFiles/xwzx/2022/1/202201030759241739.JPG	382134	9d2d569c5cbc6efa501ef521fd0985d7ad4a35e5c4b8ae2e5187db9c1e824ce8	9d2d569c5cbc6efa501ef521fd0985d7ad4a35e5c4b8ae2e5187db9c1e824ce8	
UploadFiles/xwzx/2022/1/202201030759246890.JPG	UploadFiles/xwzx/2022/1/202201030759246890.JPG	230739	a8ba9d653beb0ce5ef23ce10415beec42e7660d0087de81887f55bd7f0763b47	a8ba9d653beb0ce5ef23ce10415beec42e7660d0087de81887f55bd7f0763b47	
UploadFiles/xwzx/2022/1/202201030759248150.jpg	UploadFiles/xwzx/2022/1/202201030759248150.jpg	127403	0a45e45cd0b6cb5a844db0d8cd424a9e20da0202c0f397528711476ada7f7b68	0a45e45cd0b6cb5a844db0d8cd424a9e20da0202c0f397528711476ada7f7b68	
UploadFiles/xwzx/2022/1/202201030759258147.JPG	UploadFiles/xwzx/2022/1/202201030759258147.JPG	377935	849d89d557ccfc8b330979b5c9ffabbc636451ad6afa0dc34fa0838a3954e111	849d89d557ccfc8b330979b5c9ffabbc636451ad6afa0dc34fa0838a3954e111	
UploadFiles/xwzx/2022/1/202201031059404325.jpg	UploadFiles/xwzx/2022/1/202201031059404325.jpg	285209	5ecec83cb6ecf8e80a8b9cc4d772b110642be6802cfcec05a674faab7a02da58	5ecec83cb6ecf8e80a8b9cc4d772b110642be6802cfcec05a674faab7a02da58	
UploadFiles/xwzx/2022/1/202201031059404671.jpg	UploadFiles/xwzx/2022/1/202201031059404671.jpg	263874	91090ce2a29f1157cae870918f76c83b1c451ca5e2d9e87e4fb39d1b1a58f7bd	91090ce2a29f1157cae870918f76c83b1c451ca5e2d9e87e4fb39d1b1a58f7bd	
UploadFiles/xwzx/2022/1/202201031059414598.jpg	UploadFiles/xwzx/2022/1/202201031059414598.jpg	324631	2810ebef72bf859b182c10a053b7601798f48d27b701d96fa21dce0986f11018	2810ebef72bf859b182c10a053b7601798f48d27b701d96fa21dce0986f11018	
UploadFiles/xwzx/2022/1/202201031059419447.jpg	UploadFiles/xwzx/2022/1/202201031059419447.jpg	275954	977e69a133230f69bdff2f039b5e18be27678345f828b104a2d2345486e81d07	977e69a133230f69bdff2f039b5e18be27678345f828b104a2d2345486e81d07	
UploadFiles/xwzx/2022/1/202201031100001257.png	UploadFiles/xwzx/2022/1/202201031100001257.png	58484	2694cf954d35e80bd9da599e0cecb48372acda1d8f1c229dced4db31019cff83	2694cf954d35e80bd9da599e0cecb48372acda1d8f1c229dced4db31019cff83	
UploadFiles/xwzx/2022/1/202201031100003042.jpg	UploadFiles/xwzx/2022/1/202201031100003042.jpg	383347	59546a93cb55adc005ddf734c77de18ee0220b0acbf390ac76b3e55ab4fd1310	59546a93cb55adc005ddf734c77de18ee0220b0acbf390ac76b3e55ab4fd1310	
UploadFiles/xwzx/2022/1/202201031100004402.jpg	UploadFiles/xwzx/2022/1/202201031100004402.jpg	236855	b96ed6d15da045136a46e5e02ee0853986a4beb978b7fb38a880696c6d97a0ca	b96ed6d15da045136a46e5e02ee0853986a4beb978b7fb38a880696c6d97a0ca	
UploadFiles/xwzx/2022/1/202201031100010169.png	UploadFiles/xwzx/2022/1/202201031100010169.png	933620	b54882848185a9a720f53e4ddf79fc7ff1f198717adb5fe1c83b62528ae35562	b54882848185a9a720f53e4ddf79fc7ff1f198717adb5fe1c83b62528ae35562	
UploadFiles/xwzx/2022/1/202201031100014608.png	UploadFiles/xwzx/2022/1/202201031100014608.png	379786	50d0abc0f3fb9d71a95d3d6efcf0314d51cfdb35a7321dea308e4d2617465658	50d0abc0f3fb9d71a95d3d6efcf0314d51cfdb35a7321dea308e4d2617465658	
UploadFiles/xwzx/2022/1/202201031100017236.jpg	UploadFiles/xwzx/2022/1/202201031100017236.jpg	390035	c1044fb8e13a6712540cc38ba6c541eb7d7204e982cfbb26aec496c087bb55db	c1044fb8e13a6712540cc38ba6c541eb7d7204e982cfbb26aec496c087bb55db	
UploadFiles/xwzx/2022/1/202201031100192434.jpg	UploadFiles/xwzx/2022/1/202201031100192434.jpg	378985	279bb100d95bdfa73606a04a76e2cc236099eaa0b99b9eb5af53927a319383c5	279bb100d95bdfa73606a04a76e2cc236099eaa0b99b9eb5af53927a319383c5	
UploadFiles/xwzx/2022/1/202201031100192993.png	UploadFiles/xwzx/2022/1/202201031100192993.png	39326	00b1271128b14506930a10c27d9d375d4c163b816817a86837be7a584ca0c8f8	00b1271128b14506930a10c27d9d375d4c163b816817a86837be7a584ca0c8f8	
UploadFiles/xwzx/2022/1/202201031100198932.png	UploadFiles/xwzx/2022/1/202201031100198932.png	7233	8cc23ff8c38d1534eac079763320111a46923a23d1d4559c84b43b3c3142e408	8cc23ff8c38d1534eac079763320111a46923a23d1d4559c84b43b3c3142e408	
UploadFiles/xwzx/2022/1/202201031100199064.png	UploadFiles/xwzx/2022/1/202201031100199064.png	16563	8b015070f9cc67df3ae66b901472b8469f9a792bd2ab7268a3b2dce5ef1582bc	8b015070f9cc67df3ae66b901472b8469f9a792bd2ab7268a3b2dce5ef1582bc	
UploadFiles/xwzx/2022/1/202201031100199951.jpg	UploadFiles/xwzx/2022/1/202201031100199951.jpg	401680	ea7b3c9ea75662c9509b5b53ebb834d39626fd54d703614a73fe00b6554e4a89	ea7b3c9ea75662c9509b5b53ebb834d39626fd54d703614a73fe00b6554e4a89	
UploadFiles/xwzx/2022/1/202201031100201068.jpg	UploadFiles/xwzx/2022/1/202201031100201068.jpg	1798672	15b4f6d787283b4a0d7df60584c9b09e4f15c6f734bbbdd4691f24053d58f637	15b4f6d787283b4a0d7df60584c9b09e4f15c6f734bbbdd4691f24053d58f637	
UploadFiles/xwzx/2022/1/202201031100365017.jpg	UploadFiles/xwzx/2022/1/202201031100365017.jpg	127403	0a45e45cd0b6cb5a844db0d8cd424a9e20da0202c0f397528711476ada7f7b68	0a45e45cd0b6cb5a844db0d8cd424a9e20da0202c0f397528711476ada7f7b68	
UploadFiles/xwzx/2022/1/202201031100370872.jpg	UploadFiles/xwzx/2022/1/202201031100370872.jpg	469955	6c945596e32bbbe9e0c266617dd36ba5e24dbdc03cb761056f02f0073bb81df1	6c945596e32bbbe9e0c266617dd36ba5e24dbdc03cb761056f02f0073bb81df1	
UploadFiles/xwzx/2022/1/202201031100378103.jpg	UploadFiles/xwzx/2022/1/202201031100378103.jpg	506579	8138090ba6a5c66607cb779ee096af1f780cdec2b82c898f7cd093a8d89cd26e	8138090ba6a5c66607cb779ee096af1f780cdec2b82c898f7cd093a8d89cd26e	
UploadFiles/xwzx/2022/1/202201031100380120.jpg	UploadFiles/xwzx/2022/1/202201031100380120.jpg	693978	6c6e5c6987c3960c6cc58fac99ff97cc6e3b386ebd1118333d7986b21010e105	6c6e5c6987c3960c6cc58fac99ff97cc6e3b386ebd1118333d7986b21010e105	
UploadFiles/xwzx/2022/1/202201031100386084.jpg	UploadFiles/xwzx/2022/1/202201031100386084.jpg	471718	8bf5ae09f70024726c691c0ff53324077bb751ab815ae7477685451ea86add3a	8bf5ae09f70024726c691c0ff53324077bb751ab815ae7477685451ea86add3a	
UploadFiles/xwzx/2022/1/202201031100550862.png	UploadFiles/xwzx/2022/1/202201031100550862.png	423268	ef1ad07c31361dd84aa263786091f77c79570de3e09648f5307e51bca1b0b860	ef1ad07c31361dd84aa263786091f77c79570de3e09648f5307e51bca1b0b860	
UploadFiles/xwzx/2022/1/202201031100553179.png	UploadFiles/xwzx/2022/1/202201031100553179.png	711821	e9271b83d37d9166007e3ebebe1fc2c9aa6f0a9e7147b39dc746bfaf05fbbd58	e9271b83d37d9166007e3ebebe1fc2c9aa6f0a9e7147b39dc746bfaf05fbbd58	
UploadFiles/xwzx/2022/1/202201031100557372.png	UploadFiles/xwzx/2022/1/202201031100557372.png	89018	b9ef66483884feed0dd55df2ffc44781b49544cad77884c9eea2d2db5aaf4fb2	b9ef66483884feed0dd55df2ffc44781b49544cad77884c9eea2d2db5aaf4fb2	
UploadFiles/xwzx/2022/1/202201031100559831.png	UploadFiles/xwzx/2022/1/202201031100559831.png	160981	d9441dccda296029b3efa81dd78690a6211642673feaed9a279fde2edada03d9	d9441dccda296029b3efa81dd78690a6211642673feaed9a279fde2edada03d9	
UploadFiles/xwzx/2022/1/202201031100559870.jpg	UploadFiles/xwzx/2022/1/202201031100559870.jpg	95801	f9740b042f14c7f6df8fb3d36a7005710f4cff379650b2527f0a03fd200cf36d	f9740b042f14c7f6df8fb3d36a7005710f4cff379650b2527f0a03fd200cf36d	
UploadFiles/xwzx/2022/1/202201031100582221.jpg	UploadFiles/xwzx/2022/1/202201031100582221.jpg	3673032	3ad69a3876605be16f7b3b73497acdf5e781505cd3651f8f318ecd1b33ea4354	3ad69a3876605be16f7b3b73497acdf5e781505cd3651f8f318ecd1b33ea4354	
UploadFiles/xwzx/2022/1/202201031100594036.jpg	UploadFiles/xwzx/2022/1/202201031100594036.jpg	3824151	a17c3e40027512efcc61012ef1da32174f0a114fc3d65b0e06ae5004a911568a	a17c3e40027512efcc61012ef1da32174f0a114fc3d65b0e06ae5004a911568a	
UploadFiles/xwzx/2022/1/202201031101177261.jpg	UploadFiles/xwzx/2022/1/202201031101177261.jpg	518723	f755e22811a41af84a9a6d0df9350aaf481d3bf113ac812fbd9647f03b697a6e	f755e22811a41af84a9a6d0df9350aaf481d3bf113ac812fbd9647f03b697a6e	
UploadFiles/xwzx/2022/1/202201031101232176.JPG	UploadFiles/xwzx/2022/1/202201031101232176.JPG	6402707	8062a46aa4c7f6b3ad9db76f6c8e18e98af3b1a71059fac9d5a280f3bda9751b	8062a46aa4c7f6b3ad9db76f6c8e18e98af3b1a71059fac9d5a280f3bda9751b	
UploadFiles/xwzx/2022/1/202201031101243982.png	UploadFiles/xwzx/2022/1/202201031101243982.png	2511505	0a2b4adba75b415b92630e44a56c91327b09442467a6ea38acb39c27a484ce5a	0a2b4adba75b415b92630e44a56c91327b09442467a6ea38acb39c27a484ce5a	
UploadFiles/xwzx/2022/1/202201031101320654.JPG	UploadFiles/xwzx/2022/1/202201031101320654.JPG	15721328	39168b3d1efdbed0d58bf25fc39b9fed507dfa8191ab1ed3d3c2da4d6152ae95	39168b3d1efdbed0d58bf25fc39b9fed507dfa8191ab1ed3d3c2da4d6152ae95	
UploadFiles/xwzx/2022/1/202201031101573899.jpg	UploadFiles/xwzx/2022/1/202201031101573899.jpg	446446	75a74edcccb7d34207be81875e639d4e023068490cd5994ec631308ca43b56c0	75a74edcccb7d34207be81875e639d4e023068490cd5994ec631308ca43b56c0	
UploadFiles/xwzx/2022/1/202201031101574217.jpg	UploadFiles/xwzx/2022/1/202201031101574217.jpg	217928	12542c093702c4f55a83b687995c363e51f32a6bb01a9466eab4355cf0990d2a	12542c093702c4f55a83b687995c363e51f32a6bb01a9466eab4355cf0990d2a	
UploadFiles/xwzx/2022/1/202201031101586627.jpg	UploadFiles/xwzx/2022/1/202201031101586627.jpg	722660	172666656c5dfdd80a5bb90ad2252fa96336fc6ee0b642da59419fe68cf77f24	172666656c5dfdd80a5bb90ad2252fa96336fc6ee0b642da59419fe68cf77f24	
UploadFiles/xwzx/2022/1/202201031101596578.jpg	UploadFiles/xwzx/2022/1/202201031101596578.jpg	898603	ce0e7f79a7dd607009fc83c6d7e39dad6d9c79836b0e0ef03f544441b05b9cdd	ce0e7f79a7dd607009fc83c6d7e39dad6d9c79836b0e0ef03f544441b05b9cdd	
UploadFiles/xwzx/2022/1/202201031102004135.jpg	UploadFiles/xwzx/2022/1/202201031102004135.jpg	339457	d978a6f8a49484ceeb8c4073d345b0ff56dda2c557429f3ce622aaefcc751665	d978a6f8a49484ceeb8c4073d345b0ff56dda2c557429f3ce622aaefcc751665	
UploadFiles/xwzx/2022/1/202201031102016691.jpg	UploadFiles/xwzx/2022/1/202201031102016691.jpg	2603388	e89926a533aae0e525a92fca81109409e00df3a8cb8921ad8b4b1b4f68213784	e89926a533aae0e525a92fca81109409e00df3a8cb8921ad8b4b1b4f68213784	
UploadFiles/xwzx/2022/1/202201031102023059.jpg	UploadFiles/xwzx/2022/1/202201031102023059.jpg	1961903	501a2e2199646291c36a64a72e81dcdca8d6ef134eb063524158f98091f383b7	501a2e2199646291c36a64a72e81dcdca8d6ef134eb063524158f98091f383b7	
UploadFiles/xwzx/2022/1/202201031102070105.jpg	UploadFiles/xwzx/2022/1/202201031102070105.jpg	9661015	dfb7252e20d0d3b0c95fe52f89721620c30e06da9a56b34fbc83e20107cff006	dfb7252e20d0d3b0c95fe52f89721620c30e06da9a56b34fbc83e20107cff006	
UploadFiles/xwzx/2022/1/202201031102087776.JPG	UploadFiles/xwzx/2022/1/202201031102087776.JPG	2614707	e9cfd023c7bba330719d2e3b71a53e94551f28ce5739ff714df04ae16d47530b	e9cfd023c7bba330719d2e3b71a53e94551f28ce5739ff714df04ae16d47530b	
UploadFiles/xwzx/2022/1/202201031102100424.JPG	UploadFiles/xwzx/2022/1/202201031102100424.JPG	5175642	97b229edaa7e8cd8b5138071dc47e282f2a047db16288513c205d222e7504c4b	97b229edaa7e8cd8b5138071dc47e282f2a047db16288513c205d222e7504c4b	
UploadFiles/xwzx/2022/1/202201031102150945.png	UploadFiles/xwzx/2022/1/202201031102150945.png	5444019	bf6dcbf202465b745c1574c5dd41f09b1c9919e438001105f229e4e2d82e62e4	bf6dcbf202465b745c1574c5dd41f09b1c9919e438001105f229e4e2d82e62e4	
UploadFiles/xwzx/2022/1/202201031102159008.JPG	UploadFiles/xwzx/2022/1/202201031102159008.JPG	5332897	04608c853598200e1ffa100af1869948369a03c9f09be8338e842f9a28102716	04608c853598200e1ffa100af1869948369a03c9f09be8338e842f9a28102716	
UploadFiles/xwzx/2022/1/202201031102382979.png	UploadFiles/xwzx/2022/1/202201031102382979.png	53220	28b2be0d59e2d42ffce461fc35e106e736e7944ac6ee4a3a5b44832a557015ce	28b2be0d59e2d42ffce461fc35e106e736e7944ac6ee4a3a5b44832a557015ce	
UploadFiles/xwzx/2022/1/202201031102383977.jpg	UploadFiles/xwzx/2022/1/202201031102383977.jpg	340813	9a3c340b310671b7677c27db44b6914beb76f79795e5788825e522de8c6239c0	9a3c340b310671b7677c27db44b6914beb76f79795e5788825e522de8c6239c0	
UploadFiles/xwzx/2022/1/202201031102386608.PNG	UploadFiles/xwzx/2022/1/202201031102386608.PNG	39316	e9b8a3beaabe616ed052a8e71eb3af850b8f470227b5c42e9e694bab25a0cae6	e9b8a3beaabe616ed052a8e71eb3af850b8f470227b5c42e9e694bab25a0cae6	
UploadFiles/xwzx/2022/1/202201031102387264.PNG	UploadFiles/xwzx/2022/1/202201031102387264.PNG	34925	bfe179dff6ba92b3e60b9069db383a94e596a8be282942c3ae0fcdffef96186b	bfe179dff6ba92b3e60b9069db383a94e596a8be282942c3ae0fcdffef96186b	
UploadFiles/xwzx/2022/1/202201031102388863.png	UploadFiles/xwzx/2022/1/202201031102388863.png	29622	f676013490a0a23c30263691321cd2e4e9dc549b200a8d3e8eec7cce62d3693b	f676013490a0a23c30263691321cd2e4e9dc549b200a8d3e8eec7cce62d3693b	
UploadFiles/xwzx/2022/1/202201031102398080.PNG	UploadFiles/xwzx/2022/1/202201031102398080.PNG	57889	4a41332484aeae56322223951d7543f32e3fabe528f5daeb6aa7cf627292d3d8	4a41332484aeae56322223951d7543f32e3fabe528f5daeb6aa7cf627292d3d8	
UploadFiles/xwzx/2022/1/202201031102398847.jpg	UploadFiles/xwzx/2022/1/202201031102398847.jpg	425579	516cbb41e57c53d6c2ce726746876bc3576bc7fba9a6f4cb793e883103fedc94	516cbb41e57c53d6c2ce726746876bc3576bc7fba9a6f4cb793e883103fedc94	
UploadFiles/xwzx/2022/1/202201031102401323.jpg	UploadFiles/xwzx/2022/1/202201031102401323.jpg	672357	57d98cd7fb587490cc1bd629ea9c82d9b8794df66e9918349ad40bce1d20cdba	57d98cd7fb587490cc1bd629ea9c82d9b8794df66e9918349ad40bce1d20cdba	
UploadFiles/xwzx/2022/1/202201031102430771.jpg	UploadFiles/xwzx/2022/1/202201031102430771.jpg	544283	e35097c2d79e9e1317291fa203a6ebf50e1dde1070ae97954e2f522bee878eed	e35097c2d79e9e1317291fa203a6ebf50e1dde1070ae97954e2f522bee878eed	
UploadFiles/xwzx/2022/1/202201031102463127.jpg	UploadFiles/xwzx/2022/1/202201031102463127.jpg	3931742	2543dccffa961ffe344a307b42779edfa1bc88fe494994f848758b345fce572f	2543dccffa961ffe344a307b42779edfa1bc88fe494994f848758b345fce572f	
UploadFiles/xwzx/2022/1/202201031102479081.jpg	UploadFiles/xwzx/2022/1/202201031102479081.jpg	462942	4bd39809707c17d92eb7451eb20aaf582480152a946bda7374fce16115acad92	4bd39809707c17d92eb7451eb20aaf582480152a946bda7374fce16115acad92	
UploadFiles/xwzx/2022/1/202201031103088978.jpg	UploadFiles/xwzx/2022/1/202201031103088978.jpg	2339151	8ab56bc47cbe741cc49111280603efe491603d71ae3a00a8262c97e9fce42c8f	8ab56bc47cbe741cc49111280603efe491603d71ae3a00a8262c97e9fce42c8f	
UploadFiles/xwzx/2022/1/202201031103113993.JPG	UploadFiles/xwzx/2022/1/202201031103113993.JPG	2996768	22fa526d3f4d4b10a74a8df069fb9fc8a2683f5612348d59a5775830d8beb493	22fa526d3f4d4b10a74a8df069fb9fc8a2683f5612348d59a5775830d8beb493	
UploadFiles/xwzx/2022/1/202201031103119101.jpg	UploadFiles/xwzx/2022/1/202201031103119101.jpg	1299802	3f0e297135a095b05799c807f894fbbfd9809ec5059b6adfecd349fa9c11395a	3f0e297135a095b05799c807f894fbbfd9809ec5059b6adfecd349fa9c11395a	
UploadFiles/xwzx/2022/1/202201031103130705.JPG	UploadFiles/xwzx/2022/1/202201031103130705.JPG	3224403	5a083e24591024aef665e48521a280cb55c2ae522260580baca870024cf36edc	5a083e24591024aef665e48521a280cb55c2ae522260580baca870024cf36edc	
UploadFiles/xwzx/2022/1/202201031103155054.png	UploadFiles/xwzx/2022/1/202201031103155054.png	4135766	7e7d966a952cd01ebbd02f3d4e7bc8765ea2b23da78f70a7674cde6102220540	7e7d966a952cd01ebbd02f3d4e7bc8765ea2b23da78f70a7674cde6102220540	
UploadFiles/xwzx/2022/1/202201031103196239.png	UploadFiles/xwzx/2022/1/202201031103196239.png	5273292	447c99b53ef18a120ebfaab33fd298e242325e8b5efd071e785c6e9c80bff294	447c99b53ef18a120ebfaab33fd298e242325e8b5efd071e785c6e9c80bff294	
UploadFiles/xwzx/2022/1/202201031103214414.png	UploadFiles/xwzx/2022/1/202201031103214414.png	4512998	30c990233e031c9d0a93b10b09df47c4f6d08601864f35d29bb9b21cb84ad1da	30c990233e031c9d0a93b10b09df47c4f6d08601864f35d29bb9b21cb84ad1da	
UploadFiles/xwzx/2022/1/202201031103244287.png	UploadFiles/xwzx/2022/1/202201031103244287.png	4099321	fb2d73029256491f7498c58e2dce4a324b7131c2c6ecd686774881ed0131a841	fb2d73029256491f7498c58e2dce4a324b7131c2c6ecd686774881ed0131a841	
UploadFiles/xwzx/2022/1/202201031103272719.png	UploadFiles/xwzx/2022/1/202201031103272719.png	3838804	d64c29ace3461ccac166734f448a0c565a860b3c1ba161f32bcee7ea45b0b1ef	d64c29ace3461ccac166734f448a0c565a860b3c1ba161f32bcee7ea45b0b1ef	
UploadFiles/xwzx/2022/1/202201031103291631.png	UploadFiles/xwzx/2022/1/202201031103291631.png	3791188	ee509f90a47355fa86c760922b6c5be3919726a876734941da9f511880c41c93	ee509f90a47355fa86c760922b6c5be3919726a876734941da9f511880c41c93	
UploadFiles/xwzx/2022/1/202201031103314938.png	UploadFiles/xwzx/2022/1/202201031103314938.png	3065081	5645348eb80c82870a40096a8b7619a8cee0e7634b17ee93ce799651ebfaf96f	5645348eb80c82870a40096a8b7619a8cee0e7634b17ee93ce799651ebfaf96f	
UploadFiles/xwzx/2022/1/202201031103336515.png	UploadFiles/xwzx/2022/1/202201031103336515.png	3701740	98651f16fac1fc63038786b3e3043bd4a9ad54a73b5fe448be00fa4dced169ad	98651f16fac1fc63038786b3e3043bd4a9ad54a73b5fe448be00fa4dced169ad	
UploadFiles/xwzx/2022/1/202201031103351629.png	UploadFiles/xwzx/2022/1/202201031103351629.png	3966548	d16220dcf0dadff237dac4f8386ad20d6dac5ba4ada5274e35c9a73b8e4b1a99	d16220dcf0dadff237dac4f8386ad20d6dac5ba4ada5274e35c9a73b8e4b1a99	
UploadFiles/xwzx/2022/1/202201031103365355.jpg	UploadFiles/xwzx/2022/1/202201031103365355.jpg	7119751	042491069760c061c0393ea352147f276742f7af15690241fb601e9ea32b4230	042491069760c061c0393ea352147f276742f7af15690241fb601e9ea32b4230	
UploadFiles/xwzx/2022/1/202201031104026739.JPG	UploadFiles/xwzx/2022/1/202201031104026739.JPG	1127868	16023335a23bf89676f395c608ee9467e683d40f0aaaeeeefe3aface9c58b3ed	16023335a23bf89676f395c608ee9467e683d40f0aaaeeeefe3aface9c58b3ed	
UploadFiles/xwzx/2022/1/202201031104038587.JPG	UploadFiles/xwzx/2022/1/202201031104038587.JPG	1598080	a1fdf10e26a0318962e30966cce65d60ace9270ac5a6791880a82cdeff676bf1	a1fdf10e26a0318962e30966cce65d60ace9270ac5a6791880a82cdeff676bf1	
UploadFiles/xwzx/2022/1/202201031104063293.JPG	UploadFiles/xwzx/2022/1/202201031104063293.JPG	2313158	d079b4556b3c312af427c990ce69155e001697d9019c66b8cb024db35d3ee8a3	d079b4556b3c312af427c990ce69155e001697d9019c66b8cb024db35d3ee8a3	
UploadFiles/xwzx/2022/1/202201031104096148.JPG	UploadFiles/xwzx/2022/1/202201031104096148.JPG	3818634	44c2d81d9fe5cf789e88d7b7763c406e82459b1f926710da7455a9a7a1203524	44c2d81d9fe5cf789e88d7b7763c406e82459b1f926710da7455a9a7a1203524	
UploadFiles/xwzx/2022/1/202201031104097307.JPG	UploadFiles/xwzx/2022/1/202201031104097307.JPG	3304692	af4dab1f7c591a2406bf56c410648bb14ebd1bebddc22670193f71c6841ffbb6	af4dab1f7c591a2406bf56c410648bb14ebd1bebddc22670193f71c6841ffbb6	
UploadFiles/xwzx/2022/1/202201031104309429.jpg	UploadFiles/xwzx/2022/1/202201031104309429.jpg	1825074	8ac8290bd172742f6692a03b6dc0f8270bcf559a667e1c20ee05ab3823d3e204	8ac8290bd172742f6692a03b6dc0f8270bcf559a667e1c20ee05ab3823d3e204	
UploadFiles/xwzx/2022/1/202201031104372537.JPG	UploadFiles/xwzx/2022/1/202201031104372537.JPG	6130939	38871341584d632c6b8a7a330466180bfaa82e03da38a8767cfd9e85bcf0f52a	38871341584d632c6b8a7a330466180bfaa82e03da38a8767cfd9e85bcf0f52a	
UploadFiles/xwzx/2022/1/202201031104379928.jpg	UploadFiles/xwzx/2022/1/202201031104379928.jpg	95694	64472a35d1c7ca58bfd0e50d992f80ef7352fb03462089869f2027e83f4b7f05	64472a35d1c7ca58bfd0e50d992f80ef7352fb03462089869f2027e83f4b7f05	
UploadFiles/xwzx/2022/1/202201031104391523.JPG	UploadFiles/xwzx/2022/1/202201031104391523.JPG	6577932	c3b42e6964d5ca0f405f699155b843f34afea589ba5d4acb18dea1adec9790dd	c3b42e6964d5ca0f405f699155b843f34afea589ba5d4acb18dea1adec9790dd	
UploadFiles/xwzx/2022/1/202201031104402439.jpg	UploadFiles/xwzx/2022/1/202201031104402439.jpg	3467286	3bc48b042f028ef017f357256553c6c0adfdd37f58c59b577c8626341b623217	3bc48b042f028ef017f357256553c6c0adfdd37f58c59b577c8626341b623217	
UploadFiles/xwzx/2022/1/202201031104420654.jpg	UploadFiles/xwzx/2022/1/202201031104420654.jpg	3856525	90db7747d7292be73719cfb6a166839f5fcca5ccab28b3f99e15f1e185640ed9	90db7747d7292be73719cfb6a166839f5fcca5ccab28b3f99e15f1e185640ed9	
UploadFiles/xwzx/2022/1/202201031104445899.jpg	UploadFiles/xwzx/2022/1/202201031104445899.jpg	3581117	3000238c3dbb5ab9cbf7667f508c94e1d253162be602ce8e91fb12a2a80b30ba	3000238c3dbb5ab9cbf7667f508c94e1d253162be602ce8e91fb12a2a80b30ba	
UploadFiles/xwzx/2022/1/202201031104472321.jpg	UploadFiles/xwzx/2022/1/202201031104472321.jpg	3933594	6144ce4db025dae96dd8e45d568345ea39a33fa915f6a8c5ae8defe1c5016079	6144ce4db025dae96dd8e45d568345ea39a33fa915f6a8c5ae8defe1c5016079	
UploadFiles/xwzx/2022/1/202201031104473761.jpg	UploadFiles/xwzx/2022/1/202201031104473761.jpg	3050972	86de91b2b4f0f73e4710ade33478d0d7d5f355ea9722de9de1ba51aa7b3fd099	86de91b2b4f0f73e4710ade33478d0d7d5f355ea9722de9de1ba51aa7b3fd099	
UploadFiles/xwzx/2022/1/202201031104494463.JPG	UploadFiles/xwzx/2022/1/202201031104494463.JPG	6878598	84f8a690126fc03295e98a086721657f508b4f67c154f247f18c8391afa0280f	84f8a690126fc03295e98a086721657f508b4f67c154f247f18c8391afa0280f	
UploadFiles/xwzx/2022/1/202201031105251173.JPG	UploadFiles/xwzx/2022/1/202201031105251173.JPG	2590546	5b416b2c9e9359002131f26716c90116851dbc0f0a1caf5e513ceafb2ebb4622	5b416b2c9e9359002131f26716c90116851dbc0f0a1caf5e513ceafb2ebb4622	
UploadFiles/xwzx/2022/1/202201031105260110.JPG	UploadFiles/xwzx/2022/1/202201031105260110.JPG	8481675	1ea6abb621f13c84eeb5433186780eac18140619a5a90bc20ecc0536b9ed7679	1ea6abb621f13c84eeb5433186780eac18140619a5a90bc20ecc0536b9ed7679	
UploadFiles/xwzx/2022/1/202201031105278062.jpg	UploadFiles/xwzx/2022/1/202201031105278062.jpg	10563722	32ebd674bbe604f4ff742e0f492fd788eddf56509b64e0720a612fff5c3b3896	32ebd674bbe604f4ff742e0f492fd788eddf56509b64e0720a612fff5c3b3896	
UploadFiles/xwzx/2022/1/202201031105320073.jpg	UploadFiles/xwzx/2022/1/202201031105320073.jpg	3496129	3473ff182f14ffc43d1d9fd1bced3af74b9c8dfe2b7d4c08ddcf319d570690d2	3473ff182f14ffc43d1d9fd1bced3af74b9c8dfe2b7d4c08ddcf319d570690d2	
UploadFiles/xwzx/2022/1/202201031105329834.JPG	UploadFiles/xwzx/2022/1/202201031105329834.JPG	3518646	68d77db585229f7c8f4932eb75f9cea01ed0eb69e70d491edbdb62449932e5aa	68d77db585229f7c8f4932eb75f9cea01ed0eb69e70d491edbdb62449932e5aa	
UploadFiles/xwzx/2022/1/202201031105335346.JPG	UploadFiles/xwzx/2022/1/202201031105335346.JPG	4423302	6dadd31396a82d3e4bb769de6d3dc776a5aa212c028be8837de95f590233ea09	6dadd31396a82d3e4bb769de6d3dc776a5aa212c028be8837de95f590233ea09	
UploadFiles/xwzx/2022/1/202201031105347043.jpg	UploadFiles/xwzx/2022/1/202201031105347043.jpg	2243570	58a283c8c430d09706708277afc6473fb439efb9bf221e8eecf6fef8dbbd6c9a	58a283c8c430d09706708277afc6473fb439efb9bf221e8eecf6fef8dbbd6c9a	
UploadFiles/xwzx/2022/1/202201031105389188.jpg	UploadFiles/xwzx/2022/1/202201031105389188.jpg	1977803	63d3b9bfa63f12efffb0d780b6c7792393550228bfb0bc94ed6e177767217ec4	63d3b9bfa63f12efffb0d780b6c7792393550228bfb0bc94ed6e177767217ec4	
UploadFiles/xwzx/2022/1/202201031105397978.jpg	UploadFiles/xwzx/2022/1/202201031105397978.jpg	3795909	fde92c864d5a40dbe7b454d2a5300d36b53c68c331b4ab491bb1f7d1e940e16e	fde92c864d5a40dbe7b454d2a5300d36b53c68c331b4ab491bb1f7d1e940e16e	
UploadFiles/xwzx/2022/1/202201031105398134.jpg	UploadFiles/xwzx/2022/1/202201031105398134.jpg	3687456	533cc96b6a86731d38843481654db6a0220792f500748ec0cf48de272ba684de	533cc96b6a86731d38843481654db6a0220792f500748ec0cf48de272ba684de	
UploadFiles/xwzx/2022/1/202201031304378529.png	UploadFiles/xwzx/2022/1/202201031304378529.png	28592	b1ee827702a2c3c80c5e0b7ea54cf15358e38a2b15920c62297026161eb1fe40	b1ee827702a2c3c80c5e0b7ea54cf15358e38a2b15920c62297026161eb1fe40	
UploadFiles/xwzx/2022/1/202201031402102847.gif	UploadFiles/xwzx/2022/1/202201031402102847.gif	1012	62c86a7776611273707faece405890b74a8c521b17a73e339875d8aa4f9ca361	62c86a7776611273707faece405890b74a8c521b17a73e339875d8aa4f9ca361	
UploadFiles/xwzx/2022/1/202201031552386899.gif	UploadFiles/xwzx/2022/1/202201031552386899.gif	1012	62c86a7776611273707faece405890b74a8c521b17a73e339875d8aa4f9ca361	62c86a7776611273707faece405890b74a8c521b17a73e339875d8aa4f9ca361	
UploadFiles/xwzx/2022/1/202201050809408901.gif	UploadFiles/xwzx/2022/1/202201050809408901.gif	1005	96ae963c64e3bf7edd26f5e8d131f80d1444536dc7c69b6164d23e4db16a20d3	96ae963c64e3bf7edd26f5e8d131f80d1444536dc7c69b6164d23e4db16a20d3	
UploadFiles/xwzx/2022/1/202201050852341515.png	UploadFiles/xwzx/2022/1/202201050852341515.png	53466	d1c41bf15657b8837de467d11065f9b7b6dcc91740a7d1475e5c76734fcc06a2	d1c41bf15657b8837de467d11065f9b7b6dcc91740a7d1475e5c76734fcc06a2	
UploadFiles/xwzx/2022/1/202201050908077430.png	UploadFiles/xwzx/2022/1/202201050908077430.png	55381	58e938bbf759203b7d83813dcc0232a9d539213fa1dd20181043044af3b58223	58e938bbf759203b7d83813dcc0232a9d539213fa1dd20181043044af3b58223	
UploadFiles/xwzx/2022/1/202201050909254782.png	UploadFiles/xwzx/2022/1/202201050909254782.png	70084	3e7bf1279b2ec33ab478199abb3f60406404fd572a189ac5e91683d8a08f2b9b	3e7bf1279b2ec33ab478199abb3f60406404fd572a189ac5e91683d8a08f2b9b	
UploadFiles/xwzx/2022/1/202201051146193138.jpg	UploadFiles/xwzx/2022/1/202201051146193138.jpg	42784	feb961bf5c37ddabd9f63d4880eb601f88f57fbcdf41edd8834377fbeac07c1f	feb961bf5c37ddabd9f63d4880eb601f88f57fbcdf41edd8834377fbeac07c1f	
UploadFiles/xwzx/2022/1/202201101755464271.jpg	UploadFiles/xwzx/2022/1/202201101755464271.jpg	31965	bee483fa18fd35fb0463f2175d19b7a2be758bc18ee43da2be56414fed5b9dcf	bee483fa18fd35fb0463f2175d19b7a2be758bc18ee43da2be56414fed5b9dcf	
UploadFiles/xwzx/2022/1/202201111347255953.png	UploadFiles/xwzx/2022/1/202201111347255953.png	55519	8b0eddf1d5b8358b52c39c8cdf876ba68ab567c8f50f3306be0f90477c975132	8b0eddf1d5b8358b52c39c8cdf876ba68ab567c8f50f3306be0f90477c975132	
UploadFiles/xwzx/2022/1/202201121405221275.png	UploadFiles/xwzx/2022/1/202201121405221275.png	57172	357e03ae9548555f114a58a05fbee5b1c068aab7050a2165dbc734f6a53e9447	357e03ae9548555f114a58a05fbee5b1c068aab7050a2165dbc734f6a53e9447	
UploadFiles/xwzx/2022/1/202201131206368850.png	UploadFiles/xwzx/2022/1/202201131206368850.png	58411	cc2414485d12d66aa98ad9db312dca11a400c1396ffa9e1883ee609ee9569477	cc2414485d12d66aa98ad9db312dca11a400c1396ffa9e1883ee609ee9569477	
UploadFiles/xwzx/2022/1/202201141025353095.jpg	UploadFiles/xwzx/2022/1/202201141025353095.jpg	94795	8d01fbf549771fdbbdc30c50f2a14f89b1bea791cdab7d8b6ddc37bda35580d0	8d01fbf549771fdbbdc30c50f2a14f89b1bea791cdab7d8b6ddc37bda35580d0	
UploadFiles/xwzx/2022/1/202201141053556491.png	UploadFiles/xwzx/2022/1/202201141053556491.png	54096	a3341de12f26877741109e4aaed40c4ba6a3eb0f2753cce46ac4aa9ddbb82e53	a3341de12f26877741109e4aaed40c4ba6a3eb0f2753cce46ac4aa9ddbb82e53	
UploadFiles/xwzx/2022/1/202201141744246676.gif	UploadFiles/xwzx/2022/1/202201141744246676.gif	1012	62c86a7776611273707faece405890b74a8c521b17a73e339875d8aa4f9ca361	62c86a7776611273707faece405890b74a8c521b17a73e339875d8aa4f9ca361	
UploadFiles/xwzx/2022/1/202201171120216028.gif	UploadFiles/xwzx/2022/1/202201171120216028.gif	1012	62c86a7776611273707faece405890b74a8c521b17a73e339875d8aa4f9ca361	62c86a7776611273707faece405890b74a8c521b17a73e339875d8aa4f9ca361	
UploadFiles/xwzx/2022/1/202201171458432753.jpg	UploadFiles/xwzx/2022/1/202201171458432753.jpg	201322	dd7144515dfffcf1fbb61c5a4958c24076ca6bc1e8217fddb21b3dfa953ab5dc	dd7144515dfffcf1fbb61c5a4958c24076ca6bc1e8217fddb21b3dfa953ab5dc	
UploadFiles/xwzx/2022/1/202201190738202662.jpg	UploadFiles/xwzx/2022/1/202201190738202662.jpg	20003	95fb1488dcda654244890444160387059de09efa531e3dbf31d347290448b94e	95fb1488dcda654244890444160387059de09efa531e3dbf31d347290448b94e	
UploadFiles/xwzx/2022/1/202201191233170300.jpg	UploadFiles/xwzx/2022/1/202201191233170300.jpg	1650951	9585e4f66a3c9cf2d292cfdab43a594c8698f452497ce9689118fa5347601da8	9585e4f66a3c9cf2d292cfdab43a594c8698f452497ce9689118fa5347601da8	
UploadFiles/xwzx/2022/1/202201191513174707.png	UploadFiles/xwzx/2022/1/202201191513174707.png	41056	4f8da74f5fa31cd58571983dfbc792b6a9fd2c02cf5deee90170383a0f809bc8	4f8da74f5fa31cd58571983dfbc792b6a9fd2c02cf5deee90170383a0f809bc8	
UploadFiles/xwzx/2022/1/202201191650215900.jpg	UploadFiles/xwzx/2022/1/202201191650215900.jpg	590095	cbdddc321b5dea9769d70001c897fa8373efcdbb0fd64920ff4e663a0e12227d	cbdddc321b5dea9769d70001c897fa8373efcdbb0fd64920ff4e663a0e12227d	
UploadFiles/xwzx/2022/1/202201201235020980.jpg	UploadFiles/xwzx/2022/1/202201201235020980.jpg	57166	7889a8dcf4716ad0abbcfc21798fe3b7bed362494b6a2e1d9c4770f966b9c858	7889a8dcf4716ad0abbcfc21798fe3b7bed362494b6a2e1d9c4770f966b9c858	
UploadFiles/xwzx/2022/1/202201210749162775.gif	UploadFiles/xwzx/2022/1/202201210749162775.gif	1005	96ae963c64e3bf7edd26f5e8d131f80d1444536dc7c69b6164d23e4db16a20d3	96ae963c64e3bf7edd26f5e8d131f80d1444536dc7c69b6164d23e4db16a20d3	
UploadFiles/xwzx/2022/1/202201210957093206.jpg	UploadFiles/xwzx/2022/1/202201210957093206.jpg	943742	88381e265a5df70ec81d0160d3185a6e06e3e9adcacb1bf14f994c12e0103dd3	88381e265a5df70ec81d0160d3185a6e06e3e9adcacb1bf14f994c12e0103dd3	
UploadFiles/xwzx/2022/1/202201210958088317.jpg	UploadFiles/xwzx/2022/1/202201210958088317.jpg	987917	3b0c29ac36a7073f32a21c5b609db66b88c1312ec23027b6b26eae36772d77bb	3b0c29ac36a7073f32a21c5b609db66b88c1312ec23027b6b26eae36772d77bb	
UploadFiles/xwzx/2022/1/202201210959069689.jpg	UploadFiles/xwzx/2022/1/202201210959069689.jpg	964739	08f286c401944ad21a54e9292abec9bdd16b3a04f7e0e08ccec5b57484676506	08f286c401944ad21a54e9292abec9bdd16b3a04f7e0e08ccec5b57484676506	
UploadFiles/xwzx/2022/1/202201210959297293.jpg	UploadFiles/xwzx/2022/1/202201210959297293.jpg	960621	375c20b250a21550f5c45e792db24225c12e803f9218a153a4f67f6103ea5473	375c20b250a21550f5c45e792db24225c12e803f9218a153a4f67f6103ea5473	
UploadFiles/xwzx/2022/1/202201211422374057.jpg	UploadFiles/xwzx/2022/1/202201211422374057.jpg	234039	e5aa637936ecb365afa08160e12ec4e2c0a7bdef9694971f73ee4e367fabeefc	e5aa637936ecb365afa08160e12ec4e2c0a7bdef9694971f73ee4e367fabeefc	
UploadFiles/xwzx/2022/1/202201211422420730.jpg	UploadFiles/xwzx/2022/1/202201211422420730.jpg	302201	df34a918e4224a2818f479f31f9de830cbfc145984e47e9c462eac98a0eb1961	df34a918e4224a2818f479f31f9de830cbfc145984e47e9c462eac98a0eb1961	
UploadFiles/xwzx/2022/1/202201211422462644.jpg	UploadFiles/xwzx/2022/1/202201211422462644.jpg	301281	62157f10aa3fedc5f2484fb6356d5ff263183352b30e49951ec4c63ccf5f2fff	62157f10aa3fedc5f2484fb6356d5ff263183352b30e49951ec4c63ccf5f2fff	
UploadFiles/xwzx/2022/1/202201211422507444.jpg	UploadFiles/xwzx/2022/1/202201211422507444.jpg	169304	f2faa9bb5c63e44abe69dcd8bcafb7e1379498b66d6057a0b0f01525fda18b85	f2faa9bb5c63e44abe69dcd8bcafb7e1379498b66d6057a0b0f01525fda18b85	
UploadFiles/xwzx/2022/1/202201211422540493.jpg	UploadFiles/xwzx/2022/1/202201211422540493.jpg	61347	14e87389a93796ffa4801121bfb961c18eced73f243434775052790e4c26e09a	14e87389a93796ffa4801121bfb961c18eced73f243434775052790e4c26e09a	
UploadFiles/xwzx/2022/1/202201230818163686.JPG	UploadFiles/xwzx/2022/1/202201230818163686.JPG	80958	2e9ea23b6690d27b2de4abf6d4c0e1eb96d47e2754762af51310bbd8f762e821	2e9ea23b6690d27b2de4abf6d4c0e1eb96d47e2754762af51310bbd8f762e821	
UploadFiles/xwzx/2022/1/202201230818299872.JPG	UploadFiles/xwzx/2022/1/202201230818299872.JPG	71760	3308d7a3df0eafd0f329cf5a4ea6305b59d3f4077e1455de1a61986ab7631b1b	3308d7a3df0eafd0f329cf5a4ea6305b59d3f4077e1455de1a61986ab7631b1b	
UploadFiles/xwzx/2022/1/202201231306214121.gif	UploadFiles/xwzx/2022/1/202201231306214121.gif	1012	62c86a7776611273707faece405890b74a8c521b17a73e339875d8aa4f9ca361	62c86a7776611273707faece405890b74a8c521b17a73e339875d8aa4f9ca361	
UploadFiles/xwzx/2022/1/202201231317349625.png	UploadFiles/xwzx/2022/1/202201231317349625.png	39298	8e13f92027fe95e2a7f3bca5159616b8be989e2cba1ce058203c21b8ea60990c	8e13f92027fe95e2a7f3bca5159616b8be989e2cba1ce058203c21b8ea60990c	
UploadFiles/xwzx/2022/1/202201231317523236.jpg	UploadFiles/xwzx/2022/1/202201231317523236.jpg	140137	08f6c8dcb19f714abb66a01a8954d2ea00b72ec1f3c0bcddd667213fcd6824f0	08f6c8dcb19f714abb66a01a8954d2ea00b72ec1f3c0bcddd667213fcd6824f0	
UploadFiles/xwzx/2022/1/202201241120256479.png	UploadFiles/xwzx/2022/1/202201241120256479.png	9432	7d7eb26460e3804731dcddef977c7bf3021cf8a74c6768f71b6f047fd04da5b0	7d7eb26460e3804731dcddef977c7bf3021cf8a74c6768f71b6f047fd04da5b0	
UploadFiles/xwzx/2022/1/202201261548594746.JPG	UploadFiles/xwzx/2022/1/202201261548594746.JPG	21092612	090882de5f9f890c63597c432c363ac5de0e7647f99677641aa5fda150d39d1e	090882de5f9f890c63597c432c363ac5de0e7647f99677641aa5fda150d39d1e	
UploadFiles/xwzx/2022/1/202201261549161552.jpg	UploadFiles/xwzx/2022/1/202201261549161552.jpg	111771	96030184039662fb138385902aa842cc6285b2fca7929b40191f8a9c804ee029	96030184039662fb138385902aa842cc6285b2fca7929b40191f8a9c804ee029	
UploadFiles/xwzx/2022/1/202201261550030848.jpg	UploadFiles/xwzx/2022/1/202201261550030848.jpg	1189510	61f5b02ce5d42e465e75f552b289d86cad4ae9a9b7178e9d58fa43086fa22278	61f5b02ce5d42e465e75f552b289d86cad4ae9a9b7178e9d58fa43086fa22278	
UploadFiles/xwzx/2022/1/202201261550039555.jpg	UploadFiles/xwzx/2022/1/202201261550039555.jpg	506324	dc054f6e4e2231d66a6ee26b8bfe67150bcd96a7d3c3c67af8ce7a720933c8b1	dc054f6e4e2231d66a6ee26b8bfe67150bcd96a7d3c3c67af8ce7a720933c8b1	
UploadFiles/xwzx/2022/1/202201261550046488.jpg	UploadFiles/xwzx/2022/1/202201261550046488.jpg	884705	0e752e365c4bcfd4086b6f6f2588667fcc010d38a7c41e81c5a24bd6f2667f5d	0e752e365c4bcfd4086b6f6f2588667fcc010d38a7c41e81c5a24bd6f2667f5d	
UploadFiles/xwzx/2022/1/202201261550058358.jpg	UploadFiles/xwzx/2022/1/202201261550058358.jpg	2388935	06d3046d2391c8c9b48485ca6899ad0237df34787a63007dc15455a89d874995	06d3046d2391c8c9b48485ca6899ad0237df34787a63007dc15455a89d874995	
UploadFiles/xwzx/2022/1/202201261550092825.jpg	UploadFiles/xwzx/2022/1/202201261550092825.jpg	3299857	838fa4e08c038f03647cfd88efd2526a0199a64dbfb2ca35744d2da75adb2a82	838fa4e08c038f03647cfd88efd2526a0199a64dbfb2ca35744d2da75adb2a82	
UploadFiles/xwzx/2022/1/202201261550106954.jpg	UploadFiles/xwzx/2022/1/202201261550106954.jpg	4976189	90147c21a444b613fc7425f7e6fb7a943f0899f2c6bdc830250a888be6f12a10	90147c21a444b613fc7425f7e6fb7a943f0899f2c6bdc830250a888be6f12a10	
UploadFiles/xwzx/2022/1/202201261550107278.jpg	UploadFiles/xwzx/2022/1/202201261550107278.jpg	294631	2565cac2ebe9b44e6f4fef8f54090127a72e18d2c4555a044fbcb3bdee18d3a8	2565cac2ebe9b44e6f4fef8f54090127a72e18d2c4555a044fbcb3bdee18d3a8	
UploadFiles/xwzx/2022/1/202201261550129989.jpg	UploadFiles/xwzx/2022/1/202201261550129989.jpg	2852334	586db3e37e3f66ad3de51d672aedf5dbad82c8d0ef345afee8d60d759d1868c4	586db3e37e3f66ad3de51d672aedf5dbad82c8d0ef345afee8d60d759d1868c4	
UploadFiles/xwzx/2022/1/202201261550131469.jpg	UploadFiles/xwzx/2022/1/202201261550131469.jpg	2267314	67b9166a1b3a24c01b4fca8e90332f0aae5a94acca71d3d87a6fc7f768dd6a76	67b9166a1b3a24c01b4fca8e90332f0aae5a94acca71d3d87a6fc7f768dd6a76	
UploadFiles/xwzx/2022/1/202201261606222862.jpg	UploadFiles/xwzx/2022/1/202201261606222862.jpg	1730847	bb654af8d640f6320876cd70eca1b45100146ceeecb310689d305e66207ebbd2	bb654af8d640f6320876cd70eca1b45100146ceeecb310689d305e66207ebbd2	
UploadFiles/xwzx/2022/1/202201261606230652.jpg	UploadFiles/xwzx/2022/1/202201261606230652.jpg	83585	c7c62ba6a37b47ab4526827b10adbc7a6f8b1096deeaf3308c5ffe69354a50f0	c7c62ba6a37b47ab4526827b10adbc7a6f8b1096deeaf3308c5ffe69354a50f0	
UploadFiles/xwzx/2022/1/202201261606234486.jpg	UploadFiles/xwzx/2022/1/202201261606234486.jpg	2510623	240d0038c517ec1969bb3b8a57a51cbf7b825c557f2627a5cdaf59f600351218	240d0038c517ec1969bb3b8a57a51cbf7b825c557f2627a5cdaf59f600351218	
UploadFiles/xwzx/2022/1/202201261606243111.jpg	UploadFiles/xwzx/2022/1/202201261606243111.jpg	2439611	131633132fd739186db9abaa298b8c42d535c31b1e1540ce744d51ec8e14ab30	131633132fd739186db9abaa298b8c42d535c31b1e1540ce744d51ec8e14ab30	
UploadFiles/xwzx/2022/1/202201261606490789.jpg	UploadFiles/xwzx/2022/1/202201261606490789.jpg	2715905	e191cbf44c7c04317265a6740165a3461fb20462e7bbeaf4aec44f844b0938e2	e191cbf44c7c04317265a6740165a3461fb20462e7bbeaf4aec44f844b0938e2	
UploadFiles/xwzx/2022/1/202201261606510587.jpg	UploadFiles/xwzx/2022/1/202201261606510587.jpg	217998	34efa94ef44ceab8ce6dbd6f74741c53036dce7210e1f37d9dfe8b2e8516cb93	34efa94ef44ceab8ce6dbd6f74741c53036dce7210e1f37d9dfe8b2e8516cb93	
UploadFiles/xwzx/2022/1/202201261606515964.jpg	UploadFiles/xwzx/2022/1/202201261606515964.jpg	30754	2049629d0a394acd1b79bb2bd739c87994340ada55055f15d2304046a52aee1c	2049629d0a394acd1b79bb2bd739c87994340ada55055f15d2304046a52aee1c	
UploadFiles/xwzx/2022/1/202201261606519187.jpg	UploadFiles/xwzx/2022/1/202201261606519187.jpg	2892017	5488ff7f4518dc999c6d45d866522329752d709002e593d4c11a431fa38f214d	5488ff7f4518dc999c6d45d866522329752d709002e593d4c11a431fa38f214d	
UploadFiles/xwzx/2022/1/202201261606547563.jpg	UploadFiles/xwzx/2022/1/202201261606547563.jpg	5680062	42d5c6cf78fdc0e9d08a7201246c0e3330ab796d35504e4bcd849726767811fb	42d5c6cf78fdc0e9d08a7201246c0e3330ab796d35504e4bcd849726767811fb	
UploadFiles/xwzx/2022/1/202201261606571949.jpg	UploadFiles/xwzx/2022/1/202201261606571949.jpg	4723072	e1562ad27caf850a9609709db2d45b567f5ba8bb6478de1d37c4fa49b93f8348	e1562ad27caf850a9609709db2d45b567f5ba8bb6478de1d37c4fa49b93f8348	
UploadFiles/xwzx/2022/1/202201261606594302.jpg	UploadFiles/xwzx/2022/1/202201261606594302.jpg	2547454	d433f482d3a22b17bb446cdb5deec02f7bc6fbeb94bf52d0e92e226b4946210e	d433f482d3a22b17bb446cdb5deec02f7bc6fbeb94bf52d0e92e226b4946210e	
UploadFiles/xwzx/2022/1/202201261607023147.jpg	UploadFiles/xwzx/2022/1/202201261607023147.jpg	8554705	cd9a5d9d2240c28d48b5b842e2def644e737afa017efbd401a622c35038797db	cd9a5d9d2240c28d48b5b842e2def644e737afa017efbd401a622c35038797db	
UploadFiles/xwzx/2022/1/202201261607088784.jpg	UploadFiles/xwzx/2022/1/202201261607088784.jpg	16403745	e81bf32dad0e4d860ccfcd2fae5696bfb32b3cebcde194f8334cab7fe371edc4	e81bf32dad0e4d860ccfcd2fae5696bfb32b3cebcde194f8334cab7fe371edc4	
UploadFiles/xwzx/2022/1/202201261608515691.JPG	UploadFiles/xwzx/2022/1/202201261608515691.JPG	13922196	39de4cc402755bc0110da5d11cd815737b349debc881c6d06d4fe807473add7d	39de4cc402755bc0110da5d11cd815737b349debc881c6d06d4fe807473add7d	
UploadFiles/xwzx/2022/1/202201261609009815.JPG	UploadFiles/xwzx/2022/1/202201261609009815.JPG	13513226	0fca16ac51255bc4b6a7c72c338edb335e3663ef9d3cc8825e32f85d0ea30f00	0fca16ac51255bc4b6a7c72c338edb335e3663ef9d3cc8825e32f85d0ea30f00	
UploadFiles/xwzx/2022/1/202201261609027764.JPG	UploadFiles/xwzx/2022/1/202201261609027764.JPG	16287934	01ac22f946c918cd1474c6937d947e0b6d53f53c8ddb597904fb9885c1a98e25	01ac22f946c918cd1474c6937d947e0b6d53f53c8ddb597904fb9885c1a98e25	
UploadFiles/xwzx/2022/1/202201261610237497.JPG	UploadFiles/xwzx/2022/1/202201261610237497.JPG	16925967	7e774ba3043349127840341c9366c5aca3f6f369a7efd9f173d5924c406da162	7e774ba3043349127840341c9366c5aca3f6f369a7efd9f173d5924c406da162	
UploadFiles/xwzx/2022/1/202201261610315790.JPG	UploadFiles/xwzx/2022/1/202201261610315790.JPG	14898921	afb914f4c83d5d1bc3b1447b1fcc0cd3571761b5839c3e8a53ffd99e087cb82b	afb914f4c83d5d1bc3b1447b1fcc0cd3571761b5839c3e8a53ffd99e087cb82b	
UploadFiles/xwzx/2022/1/202201261610402945.JPG	UploadFiles/xwzx/2022/1/202201261610402945.JPG	16216355	2b3fc02c35b0512ff85f428a30590928d9009a4bf3a740071d18efecf3c97d22	2b3fc02c35b0512ff85f428a30590928d9009a4bf3a740071d18efecf3c97d22	
UploadFiles/xwzx/2022/1/202201261610490649.JPG	UploadFiles/xwzx/2022/1/202201261610490649.JPG	16494684	b1502f2b5fd56b63703ff32a3e63d5f887857ce73637f775a1aacfc817fb10cd	b1502f2b5fd56b63703ff32a3e63d5f887857ce73637f775a1aacfc817fb10cd	
UploadFiles/xwzx/2022/1/202201261610520198.jpg	UploadFiles/xwzx/2022/1/202201261610520198.jpg	9502567	5d85a4827f670c0d5f173d6368215f470360166ea4995182544394651d696a7c	5d85a4827f670c0d5f173d6368215f470360166ea4995182544394651d696a7c	
UploadFiles/xwzx/2022/1/202201261610541290.jpg	UploadFiles/xwzx/2022/1/202201261610541290.jpg	15400331	387104d8e018e4f559844eeb113bbcee1d4f92f211963b835b568eb354a7b593	387104d8e018e4f559844eeb113bbcee1d4f92f211963b835b568eb354a7b593	
UploadFiles/xwzx/2022/1/202201261615576543.jpg	UploadFiles/xwzx/2022/1/202201261615576543.jpg	230210	bf5d34e3f832150250980700f90477cc661491af8be69437a985262ea7095cd3	bf5d34e3f832150250980700f90477cc661491af8be69437a985262ea7095cd3	
UploadFiles/xwzx/2022/1/202201261615588916.JPG	UploadFiles/xwzx/2022/1/202201261615588916.JPG	2195945	f19c19f2bb9953c362a31b00368043ff86bfe421af532e3530d6c6b1940363d7	f19c19f2bb9953c362a31b00368043ff86bfe421af532e3530d6c6b1940363d7	
UploadFiles/xwzx/2022/1/202201261616007549.JPG	UploadFiles/xwzx/2022/1/202201261616007549.JPG	2195865	9949bd949221c67a85b6ae85cc49cef3303f7ff8211cddb0693ed76ab1711e06	9949bd949221c67a85b6ae85cc49cef3303f7ff8211cddb0693ed76ab1711e06	
UploadFiles/xwzx/2022/1/202201261616012720.jpg	UploadFiles/xwzx/2022/1/202201261616012720.jpg	3480474	390f759bd4c6c05c7d0f095980d180ce7c6740d537e23d96508767e38750fd13	390f759bd4c6c05c7d0f095980d180ce7c6740d537e23d96508767e38750fd13	
UploadFiles/xwzx/2022/1/202201261616138716.JPG	UploadFiles/xwzx/2022/1/202201261616138716.JPG	1992659	44e95c4f2f99f457c85696b0df7a54c1f7c404179aca349fa7b2e07077d1123e	44e95c4f2f99f457c85696b0df7a54c1f7c404179aca349fa7b2e07077d1123e	
UploadFiles/xwzx/2022/1/202201261616142302.JPG	UploadFiles/xwzx/2022/1/202201261616142302.JPG	2721161	65674512f98c2611200cd62558aeed3c82b873881e761fe68037085a6f887af5	65674512f98c2611200cd62558aeed3c82b873881e761fe68037085a6f887af5	
UploadFiles/xwzx/2022/2/202202101503022670.jpg	UploadFiles/xwzx/2022/2/202202101503022670.jpg	269602	0af5f03dbe9e9e611266f703bdaa48241ede52ab8271d68aa20574bbdc85694d	0af5f03dbe9e9e611266f703bdaa48241ede52ab8271d68aa20574bbdc85694d	
UploadFiles/xwzx/2022/2/202202101503027896.jpg	UploadFiles/xwzx/2022/2/202202101503027896.jpg	248547	515efd8cd7199d7271fb5f715d4cb2d3a207238f88405b1cac9bcf2c29010b9d	515efd8cd7199d7271fb5f715d4cb2d3a207238f88405b1cac9bcf2c29010b9d	
UploadFiles/xwzx/2022/2/202202101503028460.jpg	UploadFiles/xwzx/2022/2/202202101503028460.jpg	271754	a91bd1198645e23482afe7aeaf3c7c60f4ac54c8ab319615d2247d645af88e15	a91bd1198645e23482afe7aeaf3c7c60f4ac54c8ab319615d2247d645af88e15	
UploadFiles/xwzx/2022/2/202202101503029623.jpg	UploadFiles/xwzx/2022/2/202202101503029623.jpg	317701	dd1cf0c62293f43429c7796f074b430fac7603c57b9e122cf78c4119fa91c60f	dd1cf0c62293f43429c7796f074b430fac7603c57b9e122cf78c4119fa91c60f	
UploadFiles/xwzx/2022/2/202202111416590188.jpg	UploadFiles/xwzx/2022/2/202202111416590188.jpg	266281	c70f177e1688ec93367a53cd1436e8866434e018222e04e634ad140030eb1f9e	c70f177e1688ec93367a53cd1436e8866434e018222e04e634ad140030eb1f9e	
UploadFiles/xwzx/2022/2/202202111417025593.jpg	UploadFiles/xwzx/2022/2/202202111417025593.jpg	342688	1877ac3b4be204cf6b6dfd10fa45f5ef038f5f433d69975e327dbfb5329f3ab5	1877ac3b4be204cf6b6dfd10fa45f5ef038f5f433d69975e327dbfb5329f3ab5	
UploadFiles/xwzx/2022/2/202202111419104187.jpg	UploadFiles/xwzx/2022/2/202202111419104187.jpg	77306	9281e98624e62f46314bc8c32b5a0dfcee542f18ad48ab28f6ba779169298e70	9281e98624e62f46314bc8c32b5a0dfcee542f18ad48ab28f6ba779169298e70	
UploadFiles/xwzx/2022/2/202202111419127420.jpg	UploadFiles/xwzx/2022/2/202202111419127420.jpg	103521	ee57e54f0d93f4e0e1b52a232c6727a01533b07ffdc8ed5314544b7cbad69ba4	ee57e54f0d93f4e0e1b52a232c6727a01533b07ffdc8ed5314544b7cbad69ba4	
UploadFiles/xwzx/2022/2/202202111419159618.jpg	UploadFiles/xwzx/2022/2/202202111419159618.jpg	74463	11f1f956e36ef54aacd32cf6487ad93481f5467123a2d93abf4b87fe4245a122	11f1f956e36ef54aacd32cf6487ad93481f5467123a2d93abf4b87fe4245a122	
UploadFiles/xwzx/2022/2/202202111422373294.jpg	UploadFiles/xwzx/2022/2/202202111422373294.jpg	272514	37cee1e98cd5c6571c2f97d9a3f7eb348a9011d34c25f86e4dc78880c39abf98	37cee1e98cd5c6571c2f97d9a3f7eb348a9011d34c25f86e4dc78880c39abf98	
UploadFiles/xwzx/2022/2/202202111422407819.jpg	UploadFiles/xwzx/2022/2/202202111422407819.jpg	283656	ddb46a3fc76e833e8fe05d7b685ce72d786a70752988dc546aae0858330db789	ddb46a3fc76e833e8fe05d7b685ce72d786a70752988dc546aae0858330db789	
UploadFiles/xwzx/2022/2/202202111422424363.jpg	UploadFiles/xwzx/2022/2/202202111422424363.jpg	59106	413a38963736a5b879fda8ba8f4cd5a816851cf320c91b25a4695bbf56e1a2c5	413a38963736a5b879fda8ba8f4cd5a816851cf320c91b25a4695bbf56e1a2c5	
UploadFiles/xwzx/2022/2/202202111425074709.jpg	UploadFiles/xwzx/2022/2/202202111425074709.jpg	245774	fa77430c6001d72f0a5b9056a68e98de203be7efac2f267a43bd4d53509d3b37	fa77430c6001d72f0a5b9056a68e98de203be7efac2f267a43bd4d53509d3b37	
UploadFiles/xwzx/2022/2/202202111425104729.jpg	UploadFiles/xwzx/2022/2/202202111425104729.jpg	260786	008bf00cbef3656a891109dae0dfb11adffdd2a08fe96f1728260320a34effb2	008bf00cbef3656a891109dae0dfb11adffdd2a08fe96f1728260320a34effb2	
UploadFiles/xwzx/2022/2/202202111425134270.jpg	UploadFiles/xwzx/2022/2/202202111425134270.jpg	258925	cce2094888ffd5ae5e663de9cf55e9e7782aeef018796251e80782f7958e35fc	cce2094888ffd5ae5e663de9cf55e9e7782aeef018796251e80782f7958e35fc	
UploadFiles/xwzx/2022/2/202202111425160250.jpg	UploadFiles/xwzx/2022/2/202202111425160250.jpg	261027	3b4ef5b2311f5694503451a260480a1fec55caa0143190828d4b9d260ee19cd3	3b4ef5b2311f5694503451a260480a1fec55caa0143190828d4b9d260ee19cd3	
UploadFiles/xwzx/2022/2/202202111425197517.jpg	UploadFiles/xwzx/2022/2/202202111425197517.jpg	264428	980434683b13cb849a7af8d26cfbce00b786f012c0e4a8ed609d749564fd276f	980434683b13cb849a7af8d26cfbce00b786f012c0e4a8ed609d749564fd276f	
UploadFiles/xwzx/2022/2/202202111425225818.jpg	UploadFiles/xwzx/2022/2/202202111425225818.jpg	261994	b2e8ea97aabc1453a939f9e0e4027f74f8965b931b853265f6f7378612adca80	b2e8ea97aabc1453a939f9e0e4027f74f8965b931b853265f6f7378612adca80	
UploadFiles/xwzx/2022/2/202202111425252416.jpg	UploadFiles/xwzx/2022/2/202202111425252416.jpg	260094	0980124df2fb8d950a61ededab922a4286f96bdfae0871861ad5997a5262a633	0980124df2fb8d950a61ededab922a4286f96bdfae0871861ad5997a5262a633	
UploadFiles/xwzx/2022/2/202202111425283990.jpg	UploadFiles/xwzx/2022/2/202202111425283990.jpg	267292	83f147af78a538fdc4d1adc0023755de02771dc3bb58390a6fba040fea0d80ee	83f147af78a538fdc4d1adc0023755de02771dc3bb58390a6fba040fea0d80ee	
UploadFiles/xwzx/2022/2/202202111425304430.jpg	UploadFiles/xwzx/2022/2/202202111425304430.jpg	252226	a323d1f8d4b1032247a3d17e2f06f8555810de0ab698ad2764abe8bf33f0109c	a323d1f8d4b1032247a3d17e2f06f8555810de0ab698ad2764abe8bf33f0109c	
UploadFiles/xwzx/2022/2/202202111425334262.jpg	UploadFiles/xwzx/2022/2/202202111425334262.jpg	263372	634f42a078c46e22b964891dacf8e8bc9073571279b7865d3cba1db6f93714d2	634f42a078c46e22b964891dacf8e8bc9073571279b7865d3cba1db6f93714d2	
UploadFiles/xwzx/2022/2/202202111425384241.jpg	UploadFiles/xwzx/2022/2/202202111425384241.jpg	270345	e1af40e4c51adbed7b15fff391fa6ee64b6c1372352879cc456915497caa808b	e1af40e4c51adbed7b15fff391fa6ee64b6c1372352879cc456915497caa808b	
UploadFiles/xwzx/2022/2/202202111425445944.jpg	UploadFiles/xwzx/2022/2/202202111425445944.jpg	163202	4da2d842cd01a2ba3e56782ed8dfea1d160f75b2315aefbec07bd9f130a8fc5d	4da2d842cd01a2ba3e56782ed8dfea1d160f75b2315aefbec07bd9f130a8fc5d	
UploadFiles/xwzx/2022/2/202202111427503028.jpg	UploadFiles/xwzx/2022/2/202202111427503028.jpg	225859	6f3eb88e45f08b86560c0d0a0c186c7288cd1b5a3e059647fcd3aeffa4d4b9ce	6f3eb88e45f08b86560c0d0a0c186c7288cd1b5a3e059647fcd3aeffa4d4b9ce	
UploadFiles/xwzx/2022/2/202202111427522976.jpg	UploadFiles/xwzx/2022/2/202202111427522976.jpg	78470	12affd0571d4f0ee97f9e4e0fe0536a05316279b87079475d999eb0a67885c71	12affd0571d4f0ee97f9e4e0fe0536a05316279b87079475d999eb0a67885c71	
UploadFiles/xwzx/2022/2/202202111439255270.jpg	UploadFiles/xwzx/2022/2/202202111439255270.jpg	265457	95055e85c2bd42f41fbacc2aab685dd0b045caa807f49e1c420a7a528ef39ea5	95055e85c2bd42f41fbacc2aab685dd0b045caa807f49e1c420a7a528ef39ea5	
UploadFiles/xwzx/2022/2/202202111439276654.jpg	UploadFiles/xwzx/2022/2/202202111439276654.jpg	310986	6424814808234ab0a90a590c392c48bac3b9a459e407cae3646f7a2b775cd7a4	6424814808234ab0a90a590c392c48bac3b9a459e407cae3646f7a2b775cd7a4	
UploadFiles/xwzx/2022/2/202202111439303655.jpg	UploadFiles/xwzx/2022/2/202202111439303655.jpg	323767	5f0d8ecd726e0365501eb249ccda0d7984cbe6e92ece80a6982df3fc5304662b	5f0d8ecd726e0365501eb249ccda0d7984cbe6e92ece80a6982df3fc5304662b	
UploadFiles/xwzx/2022/2/202202111439339564.jpg	UploadFiles/xwzx/2022/2/202202111439339564.jpg	196288	0d367528bc06354179e4fe209e3570e7c6c9d9d1795e6ad7b67df472cdee0418	0d367528bc06354179e4fe209e3570e7c6c9d9d1795e6ad7b67df472cdee0418	
UploadFiles/xwzx/2022/2/202202111439359823.jpg	UploadFiles/xwzx/2022/2/202202111439359823.jpg	245789	f7ab49f9bff171833295994693623546394a5046be1a64fdbb4fbdb408e48050	f7ab49f9bff171833295994693623546394a5046be1a64fdbb4fbdb408e48050	
UploadFiles/xwzx/2022/2/202202111439374022.jpg	UploadFiles/xwzx/2022/2/202202111439374022.jpg	284681	2702fc8f621d93bdb91790403ae4ca68e25d1bb5421675ac4ce6f9e1c0ccc83d	2702fc8f621d93bdb91790403ae4ca68e25d1bb5421675ac4ce6f9e1c0ccc83d	
UploadFiles/xwzx/2022/2/202202111439409623.jpg	UploadFiles/xwzx/2022/2/202202111439409623.jpg	298386	687680adab5a76db47feea9b34e6d68e40908e9467c501e9db0cbd2f465e3777	687680adab5a76db47feea9b34e6d68e40908e9467c501e9db0cbd2f465e3777	
UploadFiles/xwzx/2022/2/202202111439437085.jpg	UploadFiles/xwzx/2022/2/202202111439437085.jpg	299875	d4b342de052a44c9c38e54ac639fa8673553dbdc93b563b002c49c0e2f385e55	d4b342de052a44c9c38e54ac639fa8673553dbdc93b563b002c49c0e2f385e55	
UploadFiles/xwzx/2022/2/202202111439457642.jpg	UploadFiles/xwzx/2022/2/202202111439457642.jpg	174728	53b81d0f250e266656120dfe1385009b9b9dc171141ba5c0ba5ee2871fb5720f	53b81d0f250e266656120dfe1385009b9b9dc171141ba5c0ba5ee2871fb5720f	
UploadFiles/xwzx/2022/2/202202111439474557.jpg	UploadFiles/xwzx/2022/2/202202111439474557.jpg	211137	2e5b23c12b411f3df1d4fe559400d7b333abdaa7851ae046d1df9d70df8c41e6	2e5b23c12b411f3df1d4fe559400d7b333abdaa7851ae046d1df9d70df8c41e6	
UploadFiles/xwzx/2022/2/202202111439526978.jpg	UploadFiles/xwzx/2022/2/202202111439526978.jpg	130474	9b8f280a107dda68989d849575bab929e63898df900d1f180d6759b17a65b962	9b8f280a107dda68989d849575bab929e63898df900d1f180d6759b17a65b962	
UploadFiles/xwzx/2022/2/202202111439554848.jpg	UploadFiles/xwzx/2022/2/202202111439554848.jpg	179817	c0bb6f0679232df83c56e32965e2b56e4d1d1adf53fd25d1514b84a144555bcd	c0bb6f0679232df83c56e32965e2b56e4d1d1adf53fd25d1514b84a144555bcd	
UploadFiles/xwzx/2022/2/202202111439594783.jpg	UploadFiles/xwzx/2022/2/202202111439594783.jpg	73686	61563dca83cd041daa9c7f0d1af53f6e4e01f0b48b01857238cb1a08a342f781	61563dca83cd041daa9c7f0d1af53f6e4e01f0b48b01857238cb1a08a342f781	
UploadFiles/xwzx/2022/2/202202111440026415.jpg	UploadFiles/xwzx/2022/2/202202111440026415.jpg	250235	8c374f76d65d5e602e6214b77d40bd2d8b1cc6f3c269c5a1b098df69d1a2f15c	8c374f76d65d5e602e6214b77d40bd2d8b1cc6f3c269c5a1b098df69d1a2f15c	
UploadFiles/xwzx/2022/2/202202111440069419.jpg	UploadFiles/xwzx/2022/2/202202111440069419.jpg	228234	a3598ff4c847c19c02d71eaa752a7636b675b925a2af8e751624193e6d1d71f7	a3598ff4c847c19c02d71eaa752a7636b675b925a2af8e751624193e6d1d71f7	
UploadFiles/xwzx/2022/2/202202111440113273.jpg	UploadFiles/xwzx/2022/2/202202111440113273.jpg	155262	10c602722d236113bca6bbbcc90e46d594ff6c37095a5ca543a39785b78cbc83	10c602722d236113bca6bbbcc90e46d594ff6c37095a5ca543a39785b78cbc83	
UploadFiles/xwzx/2022/2/202202111441458982.jpg	UploadFiles/xwzx/2022/2/202202111441458982.jpg	256751	d35a1b1f2ba0bf25e1f672386d0b533ab0aa1b5d51e76a797a7ac052c83a92c9	d35a1b1f2ba0bf25e1f672386d0b533ab0aa1b5d51e76a797a7ac052c83a92c9	
UploadFiles/xwzx/2022/2/202202111441481304.jpg	UploadFiles/xwzx/2022/2/202202111441481304.jpg	284035	987f5498de7e4a5e8bf4e0a1f18aae0aab85e4ff615fd2e9b50b9303914f5e31	987f5498de7e4a5e8bf4e0a1f18aae0aab85e4ff615fd2e9b50b9303914f5e31	
UploadFiles/xwzx/2022/2/202202111441503564.jpg	UploadFiles/xwzx/2022/2/202202111441503564.jpg	89668	5b964bb6c66bf6cdba4abc456b620a40a0a72e41b5a0e4809f6d7147fb152258	5b964bb6c66bf6cdba4abc456b620a40a0a72e41b5a0e4809f6d7147fb152258	
UploadFiles/xwzx/2022/2/202202111452292480.jpg	UploadFiles/xwzx/2022/2/202202111452292480.jpg	228971	326b9ad768df022b3b19b7bacb42ec2d1af4d588e6a82770ac85d6b99f006f7e	326b9ad768df022b3b19b7bacb42ec2d1af4d588e6a82770ac85d6b99f006f7e	
UploadFiles/xwzx/2022/2/202202111452322489.jpg	UploadFiles/xwzx/2022/2/202202111452322489.jpg	117669	48426554379c315ecb56986222b77e8d4261edd9c6438452b6b8c4da1c2e18f7	48426554379c315ecb56986222b77e8d4261edd9c6438452b6b8c4da1c2e18f7	
UploadFiles/xwzx/2022/2/202202111452351492.jpg	UploadFiles/xwzx/2022/2/202202111452351492.jpg	216912	e4975be0b19ce5daa4192c8d46bf9f05962a82b53bd57077af539afae25fc70c	e4975be0b19ce5daa4192c8d46bf9f05962a82b53bd57077af539afae25fc70c	
UploadFiles/xwzx/2022/2/202202111452375830.jpg	UploadFiles/xwzx/2022/2/202202111452375830.jpg	189435	2c880af935ba04d844fbf61ba6221292e045677c77beac202043c5005dca02a8	2c880af935ba04d844fbf61ba6221292e045677c77beac202043c5005dca02a8	
UploadFiles/xwzx/2022/2/202202111452404644.jpg	UploadFiles/xwzx/2022/2/202202111452404644.jpg	184696	858d1976a0f5c1395bbdaf7fb07a6a2e5e30b4c6d27db16d5a5e8c50098880bf	858d1976a0f5c1395bbdaf7fb07a6a2e5e30b4c6d27db16d5a5e8c50098880bf	
UploadFiles/xwzx/2022/2/202202111452432404.jpg	UploadFiles/xwzx/2022/2/202202111452432404.jpg	181061	355e9c338539879a3b1d8515fa290d0c4f08292973e6bdcb463b95eb01b4f66b	355e9c338539879a3b1d8515fa290d0c4f08292973e6bdcb463b95eb01b4f66b	
UploadFiles/xwzx/2022/2/202202111452450160.jpg	UploadFiles/xwzx/2022/2/202202111452450160.jpg	263942	f8310d086b226a1f0807a8a1847ae2391c6fcca0d1b3a10997c43520aa52964e	f8310d086b226a1f0807a8a1847ae2391c6fcca0d1b3a10997c43520aa52964e	
UploadFiles/xwzx/2022/2/202202111452537401.jpg	UploadFiles/xwzx/2022/2/202202111452537401.jpg	265063	4b48f5b7ec2b516ecddc4ef25a6377c7bc3aabbcd661ad5fd5d49b6056602ae9	4b48f5b7ec2b516ecddc4ef25a6377c7bc3aabbcd661ad5fd5d49b6056602ae9	
UploadFiles/xwzx/2022/2/202202111452567725.jpg	UploadFiles/xwzx/2022/2/202202111452567725.jpg	268797	dba56a7ed6833ca0130e0c6799f28fdaa7d845d2b47dafb1807a7b7334c0fe8c	dba56a7ed6833ca0130e0c6799f28fdaa7d845d2b47dafb1807a7b7334c0fe8c	
UploadFiles/xwzx/2022/2/202202111452596079.jpg	UploadFiles/xwzx/2022/2/202202111452596079.jpg	280365	7fdcf3d92dd5019d16732ad3d17cd8e0d4b473e19dd52743aafb787280ade12a	7fdcf3d92dd5019d16732ad3d17cd8e0d4b473e19dd52743aafb787280ade12a	
UploadFiles/xwzx/2022/2/202202111453053713.jpg	UploadFiles/xwzx/2022/2/202202111453053713.jpg	279862	f3d060659bb29f5e82ecc6595a565142045fed3869722f57cd81ccb932b895c2	f3d060659bb29f5e82ecc6595a565142045fed3869722f57cd81ccb932b895c2	
UploadFiles/xwzx/2022/2/202202111453099572.jpg	UploadFiles/xwzx/2022/2/202202111453099572.jpg	275450	159133695661eb9b0d3f1074a73146f4bab4392e77fdffa5121a7b07b0855642	159133695661eb9b0d3f1074a73146f4bab4392e77fdffa5121a7b07b0855642	
UploadFiles/xwzx/2022/2/202202111453130906.jpg	UploadFiles/xwzx/2022/2/202202111453130906.jpg	284438	83cf6d2dd9736f54aab55c74ce44cb649e312c540e7e5199149441bf36797207	83cf6d2dd9736f54aab55c74ce44cb649e312c540e7e5199149441bf36797207	
UploadFiles/xwzx/2022/2/202202111453201228.jpg	UploadFiles/xwzx/2022/2/202202111453201228.jpg	241584	8f1bc65d54f03cfb966e6822788f37cf52661daa42548129844457766f67ee96	8f1bc65d54f03cfb966e6822788f37cf52661daa42548129844457766f67ee96	
UploadFiles/xwzx/2022/2/202202111453233400.jpg	UploadFiles/xwzx/2022/2/202202111453233400.jpg	175162	e661d3355e3f0c0b5f235dad1406c57a86bcc9ff27fcbc295aa64cc4c4727999	e661d3355e3f0c0b5f235dad1406c57a86bcc9ff27fcbc295aa64cc4c4727999	
UploadFiles/xwzx/2022/2/202202111453277726.jpg	UploadFiles/xwzx/2022/2/202202111453277726.jpg	59779	efe82d37dd7610877f0a71962011a3d8d04ce90ddf6253f36862ac00963638c1	efe82d37dd7610877f0a71962011a3d8d04ce90ddf6253f36862ac00963638c1	
UploadFiles/xwzx/2022/2/202202111515174857.jpg	UploadFiles/xwzx/2022/2/202202111515174857.jpg	310432	2e8239ce2bc45a5f2549ac1e300a1d3f4f12f2619b161feb099abc223de03e39	2e8239ce2bc45a5f2549ac1e300a1d3f4f12f2619b161feb099abc223de03e39	
UploadFiles/xwzx/2022/2/202202111515206844.jpg	UploadFiles/xwzx/2022/2/202202111515206844.jpg	274015	28292d2438e4fc0193080a9998bdace5ac4ade1d3d90c2083bc6ffb929b35306	28292d2438e4fc0193080a9998bdace5ac4ade1d3d90c2083bc6ffb929b35306	
UploadFiles/xwzx/2022/2/202202111515229404.jpg	UploadFiles/xwzx/2022/2/202202111515229404.jpg	286422	883a3ea7f23660dd8c74960ac57139d7234e2af3d430edefaf6707e21179f5f3	883a3ea7f23660dd8c74960ac57139d7234e2af3d430edefaf6707e21179f5f3	
UploadFiles/xwzx/2022/2/202202111515253745.jpg	UploadFiles/xwzx/2022/2/202202111515253745.jpg	295664	f77b38620cedb285180dece32d472a833e9588572eadfe360dbe1466196ff8a5	f77b38620cedb285180dece32d472a833e9588572eadfe360dbe1466196ff8a5	
UploadFiles/xwzx/2022/2/202202111515284407.jpg	UploadFiles/xwzx/2022/2/202202111515284407.jpg	199661	ba7458c7919fb74c28ccc24dfc9fc832c76952177c9bd219dff0dd0432b8e167	ba7458c7919fb74c28ccc24dfc9fc832c76952177c9bd219dff0dd0432b8e167	
UploadFiles/xwzx/2022/2/202202111515544305.jpg	UploadFiles/xwzx/2022/2/202202111515544305.jpg	152961	b2ea75dfdd542a3df349954eb6124911c0840a95983d211fba688843c9ecc3c3	b2ea75dfdd542a3df349954eb6124911c0840a95983d211fba688843c9ecc3c3	
UploadFiles/xwzx/2022/2/202202111515574411.jpg	UploadFiles/xwzx/2022/2/202202111515574411.jpg	190793	2cf66ffa4ae8011d84570acb486cdd05689d63fe1c5275b18083f6ac7f3ef485	2cf66ffa4ae8011d84570acb486cdd05689d63fe1c5275b18083f6ac7f3ef485	
UploadFiles/xwzx/2022/2/202202111516009616.jpg	UploadFiles/xwzx/2022/2/202202111516009616.jpg	176853	542dcdb4fabeb2e7826f73cd88e13f763f15627777c47ecc67149a22f0b79b2b	542dcdb4fabeb2e7826f73cd88e13f763f15627777c47ecc67149a22f0b79b2b	
UploadFiles/xwzx/2022/2/202202111516025481.jpg	UploadFiles/xwzx/2022/2/202202111516025481.jpg	193539	975a86dbc1273d2ddc6d60adf8219df438eb87363cc1cb9ad2ec59ec6183d299	975a86dbc1273d2ddc6d60adf8219df438eb87363cc1cb9ad2ec59ec6183d299	
UploadFiles/xwzx/2022/2/202202111516050962.jpg	UploadFiles/xwzx/2022/2/202202111516050962.jpg	46180	6ccb222a4b584ebcad3e1d8d1f1fc57d5abf92391b919a43ccb6e95568b26f25	6ccb222a4b584ebcad3e1d8d1f1fc57d5abf92391b919a43ccb6e95568b26f25	
UploadFiles/xwzx/2022/2/202202111517125576.jpg	UploadFiles/xwzx/2022/2/202202111517125576.jpg	1240493	a806340a65f4ea5e7cc96fbc396d71d40f52889d77232351d9251c32d43f5026	a806340a65f4ea5e7cc96fbc396d71d40f52889d77232351d9251c32d43f5026	
UploadFiles/xwzx/2022/2/202202111517151846.jpg	UploadFiles/xwzx/2022/2/202202111517151846.jpg	92973	189ac2b8a6889c08e99760df565b69d2c7d74f0bc8dc4e82b03f1e8fc69c94b5	189ac2b8a6889c08e99760df565b69d2c7d74f0bc8dc4e82b03f1e8fc69c94b5	
UploadFiles/xwzx/2022/2/202202111519019563.jpg	UploadFiles/xwzx/2022/2/202202111519019563.jpg	498045	8b4ccd82370be15aa996686d8209521d76706a6c5d9d5d402aa5180df1a24320	8b4ccd82370be15aa996686d8209521d76706a6c5d9d5d402aa5180df1a24320	
UploadFiles/xwzx/2022/2/202202111519057521.jpg	UploadFiles/xwzx/2022/2/202202111519057521.jpg	247262	9e60ccb1b2be44663f94246968cdaed086cb43fd95b2dd1c11286bbfe264455b	9e60ccb1b2be44663f94246968cdaed086cb43fd95b2dd1c11286bbfe264455b	
UploadFiles/xwzx/2022/2/202202111520358932.jpg	UploadFiles/xwzx/2022/2/202202111520358932.jpg	511779	5a61171205b9775ae0eb199bac44ceb9877afd41da9101bf0e81ac6927668985	5a61171205b9775ae0eb199bac44ceb9877afd41da9101bf0e81ac6927668985	
UploadFiles/xwzx/2022/2/202202111520376242.jpg	UploadFiles/xwzx/2022/2/202202111520376242.jpg	213956	f8b0c9197dcd71d51bd36f91a6bb6cfda6207d1427e813d07211791172f6796d	f8b0c9197dcd71d51bd36f91a6bb6cfda6207d1427e813d07211791172f6796d	
UploadFiles/xwzx/2022/2/202202150823529864.png	UploadFiles/xwzx/2022/2/202202150823529864.png	14056	3a071ba659e29df63b06d8839e66f33738161c9ae16c86f0b7018aef2e6893f7	3a071ba659e29df63b06d8839e66f33738161c9ae16c86f0b7018aef2e6893f7	
UploadFiles/xwzx/2022/2/202202150855167596.jpg	UploadFiles/xwzx/2022/2/202202150855167596.jpg	38857	99b7564462d4b9dffb5e6b62b04823e8f6b88bece8d18c250158c1a3a095801f	99b7564462d4b9dffb5e6b62b04823e8f6b88bece8d18c250158c1a3a095801f	
UploadFiles/xwzx/2022/2/202202150856454076.jpg	UploadFiles/xwzx/2022/2/202202150856454076.jpg	176210	67fd3ea11d15ab976d60f9e00e6bfeb7f2fd9df3680635efc632f76a9146fc46	67fd3ea11d15ab976d60f9e00e6bfeb7f2fd9df3680635efc632f76a9146fc46	
UploadFiles/xwzx/2022/2/202202150856508033.jpg	UploadFiles/xwzx/2022/2/202202150856508033.jpg	255945	eb54a5c99d57a60aacd8a090acc96dc1b1ecf5bd4309b24db9d76a04af94b4fb	eb54a5c99d57a60aacd8a090acc96dc1b1ecf5bd4309b24db9d76a04af94b4fb	
UploadFiles/xwzx/2022/2/202202150856549294.jpg	UploadFiles/xwzx/2022/2/202202150856549294.jpg	280444	b86a58b9284f46d29ba57becbf524eaecf38fb409445bb539084a0610ec7229c	b86a58b9284f46d29ba57becbf524eaecf38fb409445bb539084a0610ec7229c	
UploadFiles/xwzx/2022/2/202202150857001163.jpg	UploadFiles/xwzx/2022/2/202202150857001163.jpg	304962	6afad03d2e4319e85237034fc26988f5f8c7dab09f09d2ea53f1a80d088b46da	6afad03d2e4319e85237034fc26988f5f8c7dab09f09d2ea53f1a80d088b46da	
UploadFiles/xwzx/2022/2/202202150857056262.jpg	UploadFiles/xwzx/2022/2/202202150857056262.jpg	184897	a3873ab3a95f904df549d22646af2f0f13a2c354c7b2bbea357ab3795fc45ae1	a3873ab3a95f904df549d22646af2f0f13a2c354c7b2bbea357ab3795fc45ae1	
UploadFiles/xwzx/2022/2/202202150857112237.jpg	UploadFiles/xwzx/2022/2/202202150857112237.jpg	70392	cf6baafbe63ee246ebd563290d94ffdab0fc2dbc81ad6261ef853f0383ca6317	cf6baafbe63ee246ebd563290d94ffdab0fc2dbc81ad6261ef853f0383ca6317	
UploadFiles/xwzx/2022/2/202202161014460161.jpg	UploadFiles/xwzx/2022/2/202202161014460161.jpg	1789859	aa0b3e5bb92889b446c491740d89e1afa95fee35fd5c703cc220e58817cf0278	aa0b3e5bb92889b446c491740d89e1afa95fee35fd5c703cc220e58817cf0278	
UploadFiles/xwzx/2022/2/202202161014461267.jpg	UploadFiles/xwzx/2022/2/202202161014461267.jpg	1773826	593695e587f676284080fcda4b9d02a121918c75d43ba382d1f7a240987031bb	593695e587f676284080fcda4b9d02a121918c75d43ba382d1f7a240987031bb	
UploadFiles/xwzx/2022/2/202202161014465389.jpg	UploadFiles/xwzx/2022/2/202202161014465389.jpg	1472665	b577aff29ea479409c050cd1f38577779288e9264a3aff70e05ee6cc7e471936	b577aff29ea479409c050cd1f38577779288e9264a3aff70e05ee6cc7e471936	
UploadFiles/xwzx/2022/2/202202161055558427.jpg	UploadFiles/xwzx/2022/2/202202161055558427.jpg	206475	ee9c52b1c5c77e1768a3bdddd4b9411d9064ae74584332c9cc8b6072fbf97ccc	ee9c52b1c5c77e1768a3bdddd4b9411d9064ae74584332c9cc8b6072fbf97ccc	
UploadFiles/xwzx/2022/2/202202161055573735.jpg	UploadFiles/xwzx/2022/2/202202161055573735.jpg	262595	6594e52c8dcdcdee5c3257ee6f86099dcc50ed6d8f3d6c5e3c6cd4a325e0184c	6594e52c8dcdcdee5c3257ee6f86099dcc50ed6d8f3d6c5e3c6cd4a325e0184c	
UploadFiles/xwzx/2022/2/202202161056016644.jpg	UploadFiles/xwzx/2022/2/202202161056016644.jpg	283809	8e4fe75ac09b0acf691ce54beaa9151a03fbbd9bc0e7872137c7f4556d5f64d4	8e4fe75ac09b0acf691ce54beaa9151a03fbbd9bc0e7872137c7f4556d5f64d4	
UploadFiles/xwzx/2022/2/202202161056056789.jpg	UploadFiles/xwzx/2022/2/202202161056056789.jpg	316629	560bbeaf5e3009d66409da3665d4d64366447e0f6fa7130cd06eb1271418bbaa	560bbeaf5e3009d66409da3665d4d64366447e0f6fa7130cd06eb1271418bbaa	
UploadFiles/xwzx/2022/2/202202161056085207.jpg	UploadFiles/xwzx/2022/2/202202161056085207.jpg	243597	b54d7f5880dc957eac7bc00d8d3421f1c3e38b3dad0565c3eac98a719de08f58	b54d7f5880dc957eac7bc00d8d3421f1c3e38b3dad0565c3eac98a719de08f58	
UploadFiles/xwzx/2022/2/202202161056124760.jpg	UploadFiles/xwzx/2022/2/202202161056124760.jpg	167647	dcdce41772fe718a7c4d2a481c41a058d7a4356247103a19d6b031497e7dc406	dcdce41772fe718a7c4d2a481c41a058d7a4356247103a19d6b031497e7dc406	
UploadFiles/xwzx/2022/2/202202161056155039.jpg	UploadFiles/xwzx/2022/2/202202161056155039.jpg	120264	8379db4f034c8d17f62b4abf5d291bdb422e20a3539c15218df817fd00e41e69	8379db4f034c8d17f62b4abf5d291bdb422e20a3539c15218df817fd00e41e69	
UploadFiles/xwzx/2022/2/202202161056186365.jpg	UploadFiles/xwzx/2022/2/202202161056186365.jpg	196087	b1dcdd91a7d1da28772add9153bd43c55f2a2e04461e7e63c3702b7560e4e9f6	b1dcdd91a7d1da28772add9153bd43c55f2a2e04461e7e63c3702b7560e4e9f6	
UploadFiles/xwzx/2022/2/202202161056218987.jpg	UploadFiles/xwzx/2022/2/202202161056218987.jpg	208934	fbdaf56b23aea179b58d847dad9df18acaf20d0eb6da429eba04401079197e61	fbdaf56b23aea179b58d847dad9df18acaf20d0eb6da429eba04401079197e61	
UploadFiles/xwzx/2022/2/202202161056259996.jpg	UploadFiles/xwzx/2022/2/202202161056259996.jpg	141002	74325a6d61287f82e2904a933d139a130730f396ba8c55b7f80bed4eda72ec6f	74325a6d61287f82e2904a933d139a130730f396ba8c55b7f80bed4eda72ec6f	
UploadFiles/xwzx/2022/2/202202161058048970.jpg	UploadFiles/xwzx/2022/2/202202161058048970.jpg	226974	9f788d712eda022665e3520a65688795526960998b4c7819ee0e3acc7b5f42a7	9f788d712eda022665e3520a65688795526960998b4c7819ee0e3acc7b5f42a7	
UploadFiles/xwzx/2022/2/202202161058061649.jpg	UploadFiles/xwzx/2022/2/202202161058061649.jpg	1069421	248acaba6cb2253b0eb1d6936ecd904ff43402d38869b465fe12f1bbc0b89795	248acaba6cb2253b0eb1d6936ecd904ff43402d38869b465fe12f1bbc0b89795	
UploadFiles/xwzx/2022/2/202202161058097527.jpg	UploadFiles/xwzx/2022/2/202202161058097527.jpg	227599	ac69b8a7607b024c7ad0d68bb2b153eaa6dc15d92c36c4b838f438591e89e5de	ac69b8a7607b024c7ad0d68bb2b153eaa6dc15d92c36c4b838f438591e89e5de	
UploadFiles/xwzx/2022/2/202202161058113191.jpg	UploadFiles/xwzx/2022/2/202202161058113191.jpg	168043	d117e4d7061bdd27525f4524c8053422749742b62d0cebd49aef946c32519438	d117e4d7061bdd27525f4524c8053422749742b62d0cebd49aef946c32519438	
UploadFiles/xwzx/2022/2/202202161058148122.jpg	UploadFiles/xwzx/2022/2/202202161058148122.jpg	138915	723accc5eb08f69afb2961354a761c6011e4b52b4c99d62b753b531e2c0f18d8	723accc5eb08f69afb2961354a761c6011e4b52b4c99d62b753b531e2c0f18d8	
UploadFiles/xwzx/2022/2/202202161058173393.jpg	UploadFiles/xwzx/2022/2/202202161058173393.jpg	294807	55895f8060bdf20d84c6e95ace87d720d28ba7c56a3f37ec3db2b8996beb13fc	55895f8060bdf20d84c6e95ace87d720d28ba7c56a3f37ec3db2b8996beb13fc	
UploadFiles/xwzx/2022/2/202202161059279866.jpg	UploadFiles/xwzx/2022/2/202202161059279866.jpg	214909	a46166e1c5bbbd47d9b6d09350eafea8f87d9d6cfb88e9e0d9093e57c832dee0	a46166e1c5bbbd47d9b6d09350eafea8f87d9d6cfb88e9e0d9093e57c832dee0	
UploadFiles/xwzx/2022/2/202202161059299195.jpg	UploadFiles/xwzx/2022/2/202202161059299195.jpg	150922	127d2ba97a3e122d1ecbe477bb57f1596a73bcb580481bea33a8afc90c5ed0d9	127d2ba97a3e122d1ecbe477bb57f1596a73bcb580481bea33a8afc90c5ed0d9	
UploadFiles/xwzx/2022/2/202202161059312384.jpg	UploadFiles/xwzx/2022/2/202202161059312384.jpg	158930	46c5abb323192236916c43947bf5f4fa8ba76faeb92fd30e197a3ca0dd8b5f20	46c5abb323192236916c43947bf5f4fa8ba76faeb92fd30e197a3ca0dd8b5f20	
UploadFiles/xwzx/2022/2/202202161059340598.jpg	UploadFiles/xwzx/2022/2/202202161059340598.jpg	190320	71de32489067d9daf63973a7d525792444d612eb6db826fe4d918a5d215ecedf	71de32489067d9daf63973a7d525792444d612eb6db826fe4d918a5d215ecedf	
UploadFiles/xwzx/2022/2/202202161059376310.jpg	UploadFiles/xwzx/2022/2/202202161059376310.jpg	80371	8f1d7050f5d8055d5fdb8dec337ff7a531e3e0ec8d6299023234d5c2b460d13a	8f1d7050f5d8055d5fdb8dec337ff7a531e3e0ec8d6299023234d5c2b460d13a	
UploadFiles/xwzx/2022/2/202202161059400917.jpg	UploadFiles/xwzx/2022/2/202202161059400917.jpg	70066	fe9fa32bfeddfa5299f4521526b6aa71d8b614ce68ef5c24a9ffb83ee88d22e3	fe9fa32bfeddfa5299f4521526b6aa71d8b614ce68ef5c24a9ffb83ee88d22e3	
UploadFiles/xwzx/2022/2/202202170908474988.jpg	UploadFiles/xwzx/2022/2/202202170908474988.jpg	1845838	aff672e24c71b01d33580e3a8c5b04360a4ca31dd7b1a57333aec8e60ab9607e	aff672e24c71b01d33580e3a8c5b04360a4ca31dd7b1a57333aec8e60ab9607e	
UploadFiles/xwzx/2022/2/202202180838312471.jpg	UploadFiles/xwzx/2022/2/202202180838312471.jpg	1955910	39f5d2f314b35adea99a94aec85d0deebe265847c00837e9b4d4acb7997db50a	39f5d2f314b35adea99a94aec85d0deebe265847c00837e9b4d4acb7997db50a	
UploadFiles/xwzx/2022/2/202202180838447394.jpg	UploadFiles/xwzx/2022/2/202202180838447394.jpg	170001	679f54cb1a04317ca15d1b82729df88a3cda9d9c51b114397294eab633312a18	679f54cb1a04317ca15d1b82729df88a3cda9d9c51b114397294eab633312a18	
UploadFiles/xwzx/2022/2/202202180838582071.jpg	UploadFiles/xwzx/2022/2/202202180838582071.jpg	176492	0f30d12041a701a5786682417f9d9794a78b339e5f028046d2ca334ab63f4fa9	0f30d12041a701a5786682417f9d9794a78b339e5f028046d2ca334ab63f4fa9	
UploadFiles/xwzx/2022/2/202202180839107099.JPG	UploadFiles/xwzx/2022/2/202202180839107099.JPG	1932282	928dd2df6a272772b3686c3cf06e3f11bd94e836f02fefaeeda05228e450a923	928dd2df6a272772b3686c3cf06e3f11bd94e836f02fefaeeda05228e450a923	
UploadFiles/xwzx/2022/2/202202180840068448.jpg	UploadFiles/xwzx/2022/2/202202180840068448.jpg	87605	13566023b0a31e8a25e0edaf55f8cb8a8ee9250498b2852d8d3073c34ff46487	13566023b0a31e8a25e0edaf55f8cb8a8ee9250498b2852d8d3073c34ff46487	
UploadFiles/xwzx/2022/2/202202181030267209.png	UploadFiles/xwzx/2022/2/202202181030267209.png	82167	d30b4ab1e09f9c9b965b9dac3ff3aa9cb093bd46e4ea9e62905ac0250974984f	d30b4ab1e09f9c9b965b9dac3ff3aa9cb093bd46e4ea9e62905ac0250974984f	
UploadFiles/xwzx/2022/2/202202181030431953.png	UploadFiles/xwzx/2022/2/202202181030431953.png	92166	e140ee5d8291e4d8177d7c0796cce475c3851638d9cc7bed330ae811b136d5e4	e140ee5d8291e4d8177d7c0796cce475c3851638d9cc7bed330ae811b136d5e4	
UploadFiles/xwzx/2022/2/202202191009346438.png	UploadFiles/xwzx/2022/2/202202191009346438.png	1489471	a702fadd8b5ded5243b8d028cc449769ebb824fd3790b0052af51355e0a06f96	a702fadd8b5ded5243b8d028cc449769ebb824fd3790b0052af51355e0a06f96	
UploadFiles/xwzx/2022/2/202202191035027859.png	UploadFiles/xwzx/2022/2/202202191035027859.png	383564	fb4702b69713d34456c800b92288a927040796853c535914caa83b5c3d2b5abd	fb4702b69713d34456c800b92288a927040796853c535914caa83b5c3d2b5abd	
UploadFiles/xwzx/2022/2/202202191035029510.png	UploadFiles/xwzx/2022/2/202202191035029510.png	623395	08875f121ea78dc586fec5c34a3694bcef29a72c06a34151f7ef5663818b5628	08875f121ea78dc586fec5c34a3694bcef29a72c06a34151f7ef5663818b5628	
UploadFiles/xwzx/2022/2/202202211658441186.jpg	UploadFiles/xwzx/2022/2/202202211658441186.jpg	341217	65fd03615a507261549d59266d795279bdbbae9186f080e34d97e917266b100e	65fd03615a507261549d59266d795279bdbbae9186f080e34d97e917266b100e	
UploadFiles/xwzx/2022/2/202202211658473127.jpg	UploadFiles/xwzx/2022/2/202202211658473127.jpg	411100	a537c3a28f5e409e305b7a993421e4b9bc53201fdc1cc07de981fabe27c6daa3	a537c3a28f5e409e305b7a993421e4b9bc53201fdc1cc07de981fabe27c6daa3	
UploadFiles/xwzx/2022/2/202202211658518248.jpg	UploadFiles/xwzx/2022/2/202202211658518248.jpg	467104	9d486f38d41dc2c31705148652a57a8de07bf73a1b02a7eb2a8b37e52c7d8c2a	9d486f38d41dc2c31705148652a57a8de07bf73a1b02a7eb2a8b37e52c7d8c2a	
UploadFiles/xwzx/2022/2/202202211658558069.jpg	UploadFiles/xwzx/2022/2/202202211658558069.jpg	251629	96f4cc42e3c37ca0d4acd4ce9cebc21e2173cddc95b5431f814cc5fd6be32485	96f4cc42e3c37ca0d4acd4ce9cebc21e2173cddc95b5431f814cc5fd6be32485	
UploadFiles/xwzx/2022/2/202202220807057047.png	UploadFiles/xwzx/2022/2/202202220807057047.png	26350	11ff6ea3161181edc25ae5a750117b11c210b802f1c1748648c0190759684eb7	11ff6ea3161181edc25ae5a750117b11c210b802f1c1748648c0190759684eb7	
UploadFiles/xwzx/2022/2/202202220807130344.png	UploadFiles/xwzx/2022/2/202202220807130344.png	23604	955eb05cd7312c655f41231140f30b52c05e422d4504dada1a6a2815971cb424	955eb05cd7312c655f41231140f30b52c05e422d4504dada1a6a2815971cb424	
UploadFiles/xwzx/2022/2/202202220851032242.png	UploadFiles/xwzx/2022/2/202202220851032242.png	19236	6b57dcb687911bb48395c678f81fc7b6edad78b5690a6e8d860acf011b082b9d	6b57dcb687911bb48395c678f81fc7b6edad78b5690a6e8d860acf011b082b9d	
UploadFiles/xwzx/2022/2/202202221016138053.png	UploadFiles/xwzx/2022/2/202202221016138053.png	57833	1931edc0eaaa7aca9afef81a993c328e17d750bcd7a0c22e7bec2892d0fc43be	1931edc0eaaa7aca9afef81a993c328e17d750bcd7a0c22e7bec2892d0fc43be	
UploadFiles/xwzx/2022/2/202202221016323003.gif	UploadFiles/xwzx/2022/2/202202221016323003.gif	1007	163cc66ea50ed88a0477749b55dbe6b10fd3d1d183af23c0081b1e74f0b4df48	163cc66ea50ed88a0477749b55dbe6b10fd3d1d183af23c0081b1e74f0b4df48	
UploadFiles/xwzx/2022/2/202202240752109375.jpg	UploadFiles/xwzx/2022/2/202202240752109375.jpg	53619	f9d89f3e098e4eeba2ad3fb1b60794885e72e5c65204fd2ada55c532e5bc3e6c	f9d89f3e098e4eeba2ad3fb1b60794885e72e5c65204fd2ada55c532e5bc3e6c	
UploadFiles/xwzx/2022/2/202202240854247395.gif	UploadFiles/xwzx/2022/2/202202240854247395.gif	1012	62c86a7776611273707faece405890b74a8c521b17a73e339875d8aa4f9ca361	62c86a7776611273707faece405890b74a8c521b17a73e339875d8aa4f9ca361	
UploadFiles/xwzx/2022/2/202202240929380878.png	UploadFiles/xwzx/2022/2/202202240929380878.png	6059	2dba5cf3e31d4ecbcdd4e9d77c2a1a6dc166a7375c97f690385a6c4b26adcff3	2dba5cf3e31d4ecbcdd4e9d77c2a1a6dc166a7375c97f690385a6c4b26adcff3	
UploadFiles/xwzx/2022/2/202202241058559143.jpg	UploadFiles/xwzx/2022/2/202202241058559143.jpg	429046	89f49179d1f387f0e65ba89ecf6a67f1f11b4ad9468b5cf6a36fc79191b8487a	89f49179d1f387f0e65ba89ecf6a67f1f11b4ad9468b5cf6a36fc79191b8487a	
UploadFiles/xwzx/2022/2/202202241059009049.jpg	UploadFiles/xwzx/2022/2/202202241059009049.jpg	697456	71e77b5d9f49518370f864ed27013fb2fe26e8f9ceb2b578a2fe59c0b69eab67	71e77b5d9f49518370f864ed27013fb2fe26e8f9ceb2b578a2fe59c0b69eab67	
UploadFiles/xwzx/2022/2/202202241308405154.png	UploadFiles/xwzx/2022/2/202202241308405154.png	60590	edf3ac56f2b44e508b6d1bdf327c98d1b18d0f9507bb5c2825d91621bef7d6e0	edf3ac56f2b44e508b6d1bdf327c98d1b18d0f9507bb5c2825d91621bef7d6e0	
UploadFiles/xwzx/2022/2/202202241745069441.jpg	UploadFiles/xwzx/2022/2/202202241745069441.jpg	52386	abc6c6535910adfa0e463372eeafde22eb3f5987ed693cab7cb58639fb845377	abc6c6535910adfa0e463372eeafde22eb3f5987ed693cab7cb58639fb845377	
UploadFiles/xwzx/2022/2/202202250908582243.jpg	UploadFiles/xwzx/2022/2/202202250908582243.jpg	324256	316ac10ba033a5733f0eccd1fd6a9ef4c0d17954e0ab5278559a6c2fb2139d32	316ac10ba033a5733f0eccd1fd6a9ef4c0d17954e0ab5278559a6c2fb2139d32	
UploadFiles/xwzx/2022/2/202202250909010297.jpg	UploadFiles/xwzx/2022/2/202202250909010297.jpg	325809	b77767a6b10da9f0603534a35dab94409d4b2c2a90578f465b1b82ef8cf5a64c	b77767a6b10da9f0603534a35dab94409d4b2c2a90578f465b1b82ef8cf5a64c	
UploadFiles/xwzx/2022/2/202202250909068939.jpg	UploadFiles/xwzx/2022/2/202202250909068939.jpg	129968	6fafb80a4941a9af9a14d007afddab0b33a65be21514601c2fb7fd9faf2c87b9	6fafb80a4941a9af9a14d007afddab0b33a65be21514601c2fb7fd9faf2c87b9	
UploadFiles/xwzx/2022/2/202202251011209888.png	UploadFiles/xwzx/2022/2/202202251011209888.png	58102	0ce7fa5e49be9d6ba6686a371ac34af312b9f7b137fbfedc8acf5bd41a981375	0ce7fa5e49be9d6ba6686a371ac34af312b9f7b137fbfedc8acf5bd41a981375	
UploadFiles/xwzx/2022/2/202202251612520564.jpg	UploadFiles/xwzx/2022/2/202202251612520564.jpg	68365	4d9e4e02f1324ead6d5f3eee1e6d5c5ae48486f0e2f57c93ba52a59bd07d44d1	4d9e4e02f1324ead6d5f3eee1e6d5c5ae48486f0e2f57c93ba52a59bd07d44d1	
UploadFiles/xwzx/2022/2/202202281554050978.JPG	UploadFiles/xwzx/2022/2/202202281554050978.JPG	3675247	a96df4a260d15fd9a98b52729bcff01ab6319a090db658bf405bf17461cf54db	a96df4a260d15fd9a98b52729bcff01ab6319a090db658bf405bf17461cf54db	
UploadFiles/xwzx/2022/2/202202281555232540.png	UploadFiles/xwzx/2022/2/202202281555232540.png	1353434	d72ed5e317b7b3d13e921936dacb979a5034f8abdf0371b0322668f4bb66c32c	d72ed5e317b7b3d13e921936dacb979a5034f8abdf0371b0322668f4bb66c32c	
UploadFiles/xwzx/2022/2/202202281651483647.jpg	UploadFiles/xwzx/2022/2/202202281651483647.jpg	261270	cf41a44ae01f445a9bf06823dc1569ef5ca10cbcc1148ca23b7cd0aefbe392d5	cf41a44ae01f445a9bf06823dc1569ef5ca10cbcc1148ca23b7cd0aefbe392d5	
UploadFiles/xwzx/2022/2/202202281651510546.jpg	UploadFiles/xwzx/2022/2/202202281651510546.jpg	335157	d783aee8c3e85e08ea8b542bb848e6d2b2163249472871025f1e24a332f8c773	d783aee8c3e85e08ea8b542bb848e6d2b2163249472871025f1e24a332f8c773	
UploadFiles/xwzx/2022/2/202202281651552455.jpg	UploadFiles/xwzx/2022/2/202202281651552455.jpg	232671	64fe43328e34c83218b6ea696fc3ac67b23c8ca2500cd0e62524107c6f81e864	64fe43328e34c83218b6ea696fc3ac67b23c8ca2500cd0e62524107c6f81e864	
UploadFiles/xwzx/2022/2/202202281651585766.jpg	UploadFiles/xwzx/2022/2/202202281651585766.jpg	63746	191c3a9a47b84c126576acd484d9784167ce0abfd2b91b77f60a684f3c10ab42	191c3a9a47b84c126576acd484d9784167ce0abfd2b91b77f60a684f3c10ab42	
UploadFiles/xwzx/2022/3/202203011035241060.gif	UploadFiles/xwzx/2022/3/202203011035241060.gif	1012	62c86a7776611273707faece405890b74a8c521b17a73e339875d8aa4f9ca361	62c86a7776611273707faece405890b74a8c521b17a73e339875d8aa4f9ca361	
UploadFiles/xwzx/2022/3/202203011054359128.jpg	UploadFiles/xwzx/2022/3/202203011054359128.jpg	2150971	eacfa174eb2d24d3c2d1071e899cfb190bb2e31b8bcc40694e05be1565978937	eacfa174eb2d24d3c2d1071e899cfb190bb2e31b8bcc40694e05be1565978937	
UploadFiles/xwzx/2022/3/202203011333410503.png	UploadFiles/xwzx/2022/3/202203011333410503.png	57632	fb69f57cd1f020d4aeca73aa5b68ec996a16680aa329aa40f31fe216703723d9	fb69f57cd1f020d4aeca73aa5b68ec996a16680aa329aa40f31fe216703723d9	
UploadFiles/xwzx/2022/3/202203011601503517.jpg	UploadFiles/xwzx/2022/3/202203011601503517.jpg	11951275	d218c67ffcb9ee94a308a629a40025c5ec97e52b3c371fdfd48f3d3070d77f62	d218c67ffcb9ee94a308a629a40025c5ec97e52b3c371fdfd48f3d3070d77f62	
UploadFiles/xwzx/2022/3/202203020935145038.jpg	UploadFiles/xwzx/2022/3/202203020935145038.jpg	194033	97fbaea97082fe4463c53a84df10d1365669c76f1623ed060e36316562b117ce	97fbaea97082fe4463c53a84df10d1365669c76f1623ed060e36316562b117ce	
UploadFiles/xwzx/2022/3/202203021025106364.png	UploadFiles/xwzx/2022/3/202203021025106364.png	57466	54466e79b66a27c5a547bb1b4c55e0b0d72c38fda87312c4a0d6b901bb82dd10	54466e79b66a27c5a547bb1b4c55e0b0d72c38fda87312c4a0d6b901bb82dd10	
UploadFiles/xwzx/2022/3/202203031638036067.JPG	UploadFiles/xwzx/2022/3/202203031638036067.JPG	4327342	67efdb61880a458f46a71989e5cc3adccb51e6416960ff217007a9d984bead73	67efdb61880a458f46a71989e5cc3adccb51e6416960ff217007a9d984bead73	
UploadFiles/xwzx/2022/3/202203031638067344.JPG	UploadFiles/xwzx/2022/3/202203031638067344.JPG	6484569	a38aecbff40b0b3ee8829ea7fa045bb1006cded4ad78fb127c2258e340a41986	a38aecbff40b0b3ee8829ea7fa045bb1006cded4ad78fb127c2258e340a41986	
UploadFiles/xwzx/2022/3/202203031638080913.JPG	UploadFiles/xwzx/2022/3/202203031638080913.JPG	3528820	0a8c1339a5151e3e31f406951a3150b0dfe54d01628817f68810eb5b1a293910	0a8c1339a5151e3e31f406951a3150b0dfe54d01628817f68810eb5b1a293910	
UploadFiles/xwzx/2022/3/202203031638130078.JPG	UploadFiles/xwzx/2022/3/202203031638130078.JPG	5541221	35d93b5a725dae5a971bce681aa1a27dd24c3f8b7f6fc932f345de5bbd168d0e	35d93b5a725dae5a971bce681aa1a27dd24c3f8b7f6fc932f345de5bbd168d0e	
UploadFiles/xwzx/2022/3/202203031638174974.JPG	UploadFiles/xwzx/2022/3/202203031638174974.JPG	6407514	16596e11f2140bee46373131f1a8a315c6318b04be2e76032d7682bb83b60f67	16596e11f2140bee46373131f1a8a315c6318b04be2e76032d7682bb83b60f67	
UploadFiles/xwzx/2022/3/202203031638201654.JPG	UploadFiles/xwzx/2022/3/202203031638201654.JPG	4998664	81f4825c27d0f30ccd37b36e0c8c240c6f6feda3e0c4594c6b609a258503ccdc	81f4825c27d0f30ccd37b36e0c8c240c6f6feda3e0c4594c6b609a258503ccdc	
UploadFiles/xwzx/2022/3/202203031638241709.JPG	UploadFiles/xwzx/2022/3/202203031638241709.JPG	5954751	50a5496f6e527414dad920d552f173fbbc8bf8b6e2c5e8cc7fbb14973a0bb50e	50a5496f6e527414dad920d552f173fbbc8bf8b6e2c5e8cc7fbb14973a0bb50e	
UploadFiles/xwzx/2022/3/202203031638277463.JPG	UploadFiles/xwzx/2022/3/202203031638277463.JPG	6104843	618541c3e27ebb6ce0c5f5dfd2eccc3d1698bf60cf2b76e1d30c961881c13cfa	618541c3e27ebb6ce0c5f5dfd2eccc3d1698bf60cf2b76e1d30c961881c13cfa	
UploadFiles/xwzx/2022/3/202203031638299759.JPG	UploadFiles/xwzx/2022/3/202203031638299759.JPG	6028332	462afb875d4f9f1d7db51adadc3aa2a6ac19b950e0eb2be4cb65bd9a43259881	462afb875d4f9f1d7db51adadc3aa2a6ac19b950e0eb2be4cb65bd9a43259881	
UploadFiles/xwzx/2022/3/202203031638314030.jpg	UploadFiles/xwzx/2022/3/202203031638314030.jpg	8587234	d3e97cb71736a4e19d79a42006fccd07be45e53a61d03bf737351c5c7c0e9c24	d3e97cb71736a4e19d79a42006fccd07be45e53a61d03bf737351c5c7c0e9c24	
UploadFiles/xwzx/2022/3/202203031638381368.JPG	UploadFiles/xwzx/2022/3/202203031638381368.JPG	6234945	dfc8b810d34658ddbb6974a155875468c834e2f81bd6f8d0f16e284b90df7e9e	dfc8b810d34658ddbb6974a155875468c834e2f81bd6f8d0f16e284b90df7e9e	
UploadFiles/xwzx/2022/3/202203031638403132.jpg	UploadFiles/xwzx/2022/3/202203031638403132.jpg	11340727	ec64f79a4efc5638713025c970874e0033701be1bf578f929d0034c3558ccf01	ec64f79a4efc5638713025c970874e0033701be1bf578f929d0034c3558ccf01	
UploadFiles/xwzx/2022/3/202203031638434889.JPG	UploadFiles/xwzx/2022/3/202203031638434889.JPG	5662480	ac65ece5e0de75e156f7beb04e1ead8412cba1fffe22c81020a90c5d11569922	ac65ece5e0de75e156f7beb04e1ead8412cba1fffe22c81020a90c5d11569922	
UploadFiles/xwzx/2022/3/202203031638458149.JPG	UploadFiles/xwzx/2022/3/202203031638458149.JPG	4662918	03678953f815f190a8cdcd97497b0a4399c8eb2723890dc829a40ca33d2f63f3	03678953f815f190a8cdcd97497b0a4399c8eb2723890dc829a40ca33d2f63f3	
UploadFiles/xwzx/2022/3/202203041235475475.jpg	UploadFiles/xwzx/2022/3/202203041235475475.jpg	103350	c073c53441f054306ee4315eec15b3dd8fa61c6ca9565b0a9f26b90efff358b8	c073c53441f054306ee4315eec15b3dd8fa61c6ca9565b0a9f26b90efff358b8	
UploadFiles/xwzx/2022/3/202203041558348731.jpg	UploadFiles/xwzx/2022/3/202203041558348731.jpg	417984	03682c729a6817f8224bcf148338117a48d32fc191dcda90505f03b69e4ce348	03682c729a6817f8224bcf148338117a48d32fc191dcda90505f03b69e4ce348	
UploadFiles/xwzx/2022/3/202203041559223947.gif	UploadFiles/xwzx/2022/3/202203041559223947.gif	1007	163cc66ea50ed88a0477749b55dbe6b10fd3d1d183af23c0081b1e74f0b4df48	163cc66ea50ed88a0477749b55dbe6b10fd3d1d183af23c0081b1e74f0b4df48	
UploadFiles/xwzx/2022/3/202203071037152173.jpg	UploadFiles/xwzx/2022/3/202203071037152173.jpg	169187	1395346d56f51db05a087aea2d725d58ddc8173221f76e36cfaf7246d019b574	1395346d56f51db05a087aea2d725d58ddc8173221f76e36cfaf7246d019b574	
UploadFiles/xwzx/2022/3/202203071037467011.gif	UploadFiles/xwzx/2022/3/202203071037467011.gif	1007	163cc66ea50ed88a0477749b55dbe6b10fd3d1d183af23c0081b1e74f0b4df48	163cc66ea50ed88a0477749b55dbe6b10fd3d1d183af23c0081b1e74f0b4df48	
UploadFiles/xwzx/2022/3/202203071410014832.jpg	UploadFiles/xwzx/2022/3/202203071410014832.jpg	169187	1395346d56f51db05a087aea2d725d58ddc8173221f76e36cfaf7246d019b574	1395346d56f51db05a087aea2d725d58ddc8173221f76e36cfaf7246d019b574	
UploadFiles/xwzx/2022/3/202203081355101709.png	UploadFiles/xwzx/2022/3/202203081355101709.png	137447	eb1bfb7036dceeb6efbe386e4b63f0c013ca8e57df0288a23e57e64a9e75908c	eb1bfb7036dceeb6efbe386e4b63f0c013ca8e57df0288a23e57e64a9e75908c	
UploadFiles/xwzx/2022/3/202203081355107216.png	UploadFiles/xwzx/2022/3/202203081355107216.png	88527	f39702316ac9caacbf961296c8ef8f055f2dd139544e63695db2ae6fd9fd75c0	f39702316ac9caacbf961296c8ef8f055f2dd139544e63695db2ae6fd9fd75c0	
UploadFiles/xwzx/2022/3/202203081355238582.png	UploadFiles/xwzx/2022/3/202203081355238582.png	86809	3c25e35517ac68f9ac286e7e2eb8272142c64e1f5b7590bc79b9d7fb62142f4c	3c25e35517ac68f9ac286e7e2eb8272142c64e1f5b7590bc79b9d7fb62142f4c	
UploadFiles/xwzx/2022/3/202203090913545653.png	UploadFiles/xwzx/2022/3/202203090913545653.png	104534	c6b8315eeac3220e2028c3ac3020c7645f93a2c13d8ba9952738efb16bcc0f25	c6b8315eeac3220e2028c3ac3020c7645f93a2c13d8ba9952738efb16bcc0f25	
UploadFiles/xwzx/2022/3/202203090914038283.png	UploadFiles/xwzx/2022/3/202203090914038283.png	46241	3d44600a8b59d1cbdcb0485a2f3da0bffea4dadd70898d48aa52165938bacfba	3d44600a8b59d1cbdcb0485a2f3da0bffea4dadd70898d48aa52165938bacfba	
UploadFiles/xwzx/2022/3/202203090914124547.png	UploadFiles/xwzx/2022/3/202203090914124547.png	43626	418b838b7028cf1a9c9b55523bcbc8e9a5f120c4ea81146d804e5ecee4b47c72	418b838b7028cf1a9c9b55523bcbc8e9a5f120c4ea81146d804e5ecee4b47c72	
UploadFiles/xwzx/2022/3/202203090932287871.jpg	UploadFiles/xwzx/2022/3/202203090932287871.jpg	31948	2f4184b61cb76500a680940d01f08bf71e8644348c372b1ce45598e386029311	2f4184b61cb76500a680940d01f08bf71e8644348c372b1ce45598e386029311	
UploadFiles/xwzx/2022/3/202203091445553926.png	UploadFiles/xwzx/2022/3/202203091445553926.png	57325	62e7f88a67a809e229ea61a52ded90b38decc2e89dfd79d0cf1627500a803d4c	62e7f88a67a809e229ea61a52ded90b38decc2e89dfd79d0cf1627500a803d4c	
UploadFiles/xwzx/2022/3/202203091505549548.jpg	UploadFiles/xwzx/2022/3/202203091505549548.jpg	19434	0e01f9d848fd3f31abff6c5ef0f5ae55e04436cbce36c0e536e4bb01c5d996ff	0e01f9d848fd3f31abff6c5ef0f5ae55e04436cbce36c0e536e4bb01c5d996ff	
UploadFiles/xwzx/2022/3/202203092149267381.gif	UploadFiles/xwzx/2022/3/202203092149267381.gif	1005	96ae963c64e3bf7edd26f5e8d131f80d1444536dc7c69b6164d23e4db16a20d3	96ae963c64e3bf7edd26f5e8d131f80d1444536dc7c69b6164d23e4db16a20d3	
UploadFiles/xwzx/2022/3/202203101110261089.jpg	UploadFiles/xwzx/2022/3/202203101110261089.jpg	517384	4205dda92a96bca2967d145c8ec14d7f317945f7e1bcd7f77e05553cdbdd4598	4205dda92a96bca2967d145c8ec14d7f317945f7e1bcd7f77e05553cdbdd4598	
UploadFiles/xwzx/2022/3/202203101352256989.png	UploadFiles/xwzx/2022/3/202203101352256989.png	77595	64751e6824dae8bf0e48e9b4bbba32fb46f050319fbc68fe5bc5c11b07899f0a	64751e6824dae8bf0e48e9b4bbba32fb46f050319fbc68fe5bc5c11b07899f0a	
UploadFiles/xwzx/2022/3/202203101352362774.png	UploadFiles/xwzx/2022/3/202203101352362774.png	103612	443f4a62c2bb6904add4f6f6291d365e34d165934e8c2c0ead80a59d635c810f	443f4a62c2bb6904add4f6f6291d365e34d165934e8c2c0ead80a59d635c810f	
UploadFiles/xwzx/2022/3/202203101738274302.jpg	UploadFiles/xwzx/2022/3/202203101738274302.jpg	21821	5390ca59319e7ed833dd6405323fec61b1635c4bca2b3657b29920a4e62b3699	5390ca59319e7ed833dd6405323fec61b1635c4bca2b3657b29920a4e62b3699	
UploadFiles/xwzx/2022/3/202203111015145776.gif	UploadFiles/xwzx/2022/3/202203111015145776.gif	1012	62c86a7776611273707faece405890b74a8c521b17a73e339875d8aa4f9ca361	62c86a7776611273707faece405890b74a8c521b17a73e339875d8aa4f9ca361	
UploadFiles/xwzx/2022/3/202203111015146719.gif	UploadFiles/xwzx/2022/3/202203111015146719.gif	1005	96ae963c64e3bf7edd26f5e8d131f80d1444536dc7c69b6164d23e4db16a20d3	96ae963c64e3bf7edd26f5e8d131f80d1444536dc7c69b6164d23e4db16a20d3	
UploadFiles/xwzx/2022/3/202203111015148234.gif	UploadFiles/xwzx/2022/3/202203111015148234.gif	1007	163cc66ea50ed88a0477749b55dbe6b10fd3d1d183af23c0081b1e74f0b4df48	163cc66ea50ed88a0477749b55dbe6b10fd3d1d183af23c0081b1e74f0b4df48	
UploadFiles/xwzx/2022/3/202203112105120128.jpg	UploadFiles/xwzx/2022/3/202203112105120128.jpg	22680	9c971cf0ea77f0b3fd06697b63b9e2286a2f7cae63cc21517e5508ce3599148c	9c971cf0ea77f0b3fd06697b63b9e2286a2f7cae63cc21517e5508ce3599148c	
UploadFiles/xwzx/2022/3/202203120817277581.png	UploadFiles/xwzx/2022/3/202203120817277581.png	58246	0a960c6b43fd32b92d4ad8032357a4fdff610ea57048414ef2d5ab27d514f583	0a960c6b43fd32b92d4ad8032357a4fdff610ea57048414ef2d5ab27d514f583	
UploadFiles/xwzx/2022/3/202203120907244783.gif	UploadFiles/xwzx/2022/3/202203120907244783.gif	1012	62c86a7776611273707faece405890b74a8c521b17a73e339875d8aa4f9ca361	62c86a7776611273707faece405890b74a8c521b17a73e339875d8aa4f9ca361	
UploadFiles/xwzx/2022/3/202203120944111348.jpg	UploadFiles/xwzx/2022/3/202203120944111348.jpg	42725	32b3b9f62790c4df7d98bf7e104e8b126f5415f59588941523670028c2c71aa9	32b3b9f62790c4df7d98bf7e104e8b126f5415f59588941523670028c2c71aa9	
UploadFiles/xwzx/2022/3/202203141118545110.jpg	UploadFiles/xwzx/2022/3/202203141118545110.jpg	317559	2af0f8d3b84349d3648f1c49b80e1b5860baaa445b7f0576b708ef571a784c5a	2af0f8d3b84349d3648f1c49b80e1b5860baaa445b7f0576b708ef571a784c5a	
UploadFiles/xwzx/2022/3/202203141118575264.jpg	UploadFiles/xwzx/2022/3/202203141118575264.jpg	122117	bd36df004d599df91733a91d780d3ea3ce2fe0c418c0967d0ac94de9846fa9e8	bd36df004d599df91733a91d780d3ea3ce2fe0c418c0967d0ac94de9846fa9e8	
UploadFiles/xwzx/2022/3/202203141119015799.jpg	UploadFiles/xwzx/2022/3/202203141119015799.jpg	202954	0729d515d46624fb3865a448e69e5e2ef2c08f78e0d0da8cd8ef7bf8b6f53b93	0729d515d46624fb3865a448e69e5e2ef2c08f78e0d0da8cd8ef7bf8b6f53b93	
UploadFiles/xwzx/2022/3/202203141119057023.jpg	UploadFiles/xwzx/2022/3/202203141119057023.jpg	210470	99246b6a61710e90374b897999eff26207e2d4cae21f906f16614ead34e4f02c	99246b6a61710e90374b897999eff26207e2d4cae21f906f16614ead34e4f02c	
UploadFiles/xwzx/2022/3/202203141119096946.jpg	UploadFiles/xwzx/2022/3/202203141119096946.jpg	219329	e020a3e4688e8fac9321a2cfcaf7df5520fc1b6f98da847bcde9063b5c8a7054	e020a3e4688e8fac9321a2cfcaf7df5520fc1b6f98da847bcde9063b5c8a7054	
UploadFiles/xwzx/2022/3/202203141120092084.gif	UploadFiles/xwzx/2022/3/202203141120092084.gif	1012	62c86a7776611273707faece405890b74a8c521b17a73e339875d8aa4f9ca361	62c86a7776611273707faece405890b74a8c521b17a73e339875d8aa4f9ca361	
UploadFiles/xwzx/2022/3/202203141639288406.jpg	UploadFiles/xwzx/2022/3/202203141639288406.jpg	40297	0143d3ebd527ddfd8383ff7cd73076be12891b6b7d71b9d75d301263fbbea889	0143d3ebd527ddfd8383ff7cd73076be12891b6b7d71b9d75d301263fbbea889	
UploadFiles/xwzx/2022/3/202203141639449600.jpg	UploadFiles/xwzx/2022/3/202203141639449600.jpg	38474	8c7e3ac4bd972dce5e18742cb259b8a9860a7e76fec1b9fae74cadd11b353f02	8c7e3ac4bd972dce5e18742cb259b8a9860a7e76fec1b9fae74cadd11b353f02	
UploadFiles/xwzx/2022/3/202203150751265398.jpg	UploadFiles/xwzx/2022/3/202203150751265398.jpg	232311	1b004bda1e4c5c4fa547bab6a8613f3f0e1cd90f71e837cfe6f41293074ec771	1b004bda1e4c5c4fa547bab6a8613f3f0e1cd90f71e837cfe6f41293074ec771	
UploadFiles/xwzx/2022/3/202203150751302761.jpg	UploadFiles/xwzx/2022/3/202203150751302761.jpg	324023	23ad9b314c3260e06a7d0ba70bb14a85531fcecc20139926c589fc7c99d43d74	23ad9b314c3260e06a7d0ba70bb14a85531fcecc20139926c589fc7c99d43d74	
UploadFiles/xwzx/2022/3/202203150751357158.jpg	UploadFiles/xwzx/2022/3/202203150751357158.jpg	314492	cba57f746e364d4af0996c04ecd459975c3918d3a62098fb95d6d3e1c2a1b49e	cba57f746e364d4af0996c04ecd459975c3918d3a62098fb95d6d3e1c2a1b49e	
UploadFiles/xwzx/2022/3/202203150751390946.jpg	UploadFiles/xwzx/2022/3/202203150751390946.jpg	168734	02b17b2be36582d81276fc99ba9d2b230046b49bb657c75b1530acf047ae6542	02b17b2be36582d81276fc99ba9d2b230046b49bb657c75b1530acf047ae6542	
UploadFiles/xwzx/2022/3/202203150956139354.png	UploadFiles/xwzx/2022/3/202203150956139354.png	57499	d6e21662db727ac6dfe3103f51ba4ec943db56c718c6c70643c81b3d40cb59e4	d6e21662db727ac6dfe3103f51ba4ec943db56c718c6c70643c81b3d40cb59e4	
UploadFiles/xwzx/2022/3/202203151628516623.jpg	UploadFiles/xwzx/2022/3/202203151628516623.jpg	175685	ddebc3fd4b4e80d2711b9b163673914ecc774fd26bcea2b0a15404475c1f77d5	ddebc3fd4b4e80d2711b9b163673914ecc774fd26bcea2b0a15404475c1f77d5	
UploadFiles/xwzx/2022/3/202203151644428674.jpg	UploadFiles/xwzx/2022/3/202203151644428674.jpg	210525	e71b95a2211c3058d478684e930d3ef8e8ed9eb53d3b49aa1d4072db2746242e	e71b95a2211c3058d478684e930d3ef8e8ed9eb53d3b49aa1d4072db2746242e	
UploadFiles/xwzx/2022/3/202203151644484131.jpg	UploadFiles/xwzx/2022/3/202203151644484131.jpg	342070	441fec65a616a45a222b319c5f826c29f66e6dfffe5afe6ef242041904f6eda4	441fec65a616a45a222b319c5f826c29f66e6dfffe5afe6ef242041904f6eda4	
UploadFiles/xwzx/2022/3/202203151644510235.jpg	UploadFiles/xwzx/2022/3/202203151644510235.jpg	164691	7153854924e687a6845a99f82009deca7c3d786e0fd7cfb78c82554a34bbb103	7153854924e687a6845a99f82009deca7c3d786e0fd7cfb78c82554a34bbb103	
UploadFiles/xwzx/2022/3/202203151644561472.jpg	UploadFiles/xwzx/2022/3/202203151644561472.jpg	59490	9589f4a25896135c289a230d686b59424f5778b731c31877f45a0354e1731cc9	9589f4a25896135c289a230d686b59424f5778b731c31877f45a0354e1731cc9	
UploadFiles/xwzx/2022/3/202203161040077693.png	UploadFiles/xwzx/2022/3/202203161040077693.png	58175	09d4ec6836d424e27e1a273d6afb027f20c3a7976f9bd7bfc6c6133b0ccbf426	09d4ec6836d424e27e1a273d6afb027f20c3a7976f9bd7bfc6c6133b0ccbf426	
UploadFiles/xwzx/2022/3/202203180818431585.gif	UploadFiles/xwzx/2022/3/202203180818431585.gif	996	6a8c34408daee220b364f56261db307a68c0d8732f762bb90ddccb5482683677	6a8c34408daee220b364f56261db307a68c0d8732f762bb90ddccb5482683677	
UploadFiles/xwzx/2022/3/202203180818433788.gif	UploadFiles/xwzx/2022/3/202203180818433788.gif	1012	62c86a7776611273707faece405890b74a8c521b17a73e339875d8aa4f9ca361	62c86a7776611273707faece405890b74a8c521b17a73e339875d8aa4f9ca361	
UploadFiles/xwzx/2022/3/202203180911043863.gif	UploadFiles/xwzx/2022/3/202203180911043863.gif	1005	96ae963c64e3bf7edd26f5e8d131f80d1444536dc7c69b6164d23e4db16a20d3	96ae963c64e3bf7edd26f5e8d131f80d1444536dc7c69b6164d23e4db16a20d3	
UploadFiles/xwzx/2022/3/202203180911281509.gif	UploadFiles/xwzx/2022/3/202203180911281509.gif	1005	96ae963c64e3bf7edd26f5e8d131f80d1444536dc7c69b6164d23e4db16a20d3	96ae963c64e3bf7edd26f5e8d131f80d1444536dc7c69b6164d23e4db16a20d3	
UploadFiles/xwzx/2022/3/202203181031508485.png	UploadFiles/xwzx/2022/3/202203181031508485.png	117554	47e0930e47dea53ee2edf950ae0ca25cc106f19070b8fae1ff54d515ff5d4adc	47e0930e47dea53ee2edf950ae0ca25cc106f19070b8fae1ff54d515ff5d4adc	
UploadFiles/xwzx/2022/3/202203181032334278.png	UploadFiles/xwzx/2022/3/202203181032334278.png	124344	60d3db362f347ea2201dd5c4fc9487a0272a629224bc69ae67e314a7377568f3	60d3db362f347ea2201dd5c4fc9487a0272a629224bc69ae67e314a7377568f3	
UploadFiles/xwzx/2022/3/202203181104134235.png	UploadFiles/xwzx/2022/3/202203181104134235.png	12612	443251594b83030828d5d5e43dc964151e2adda004136bfc6a4682a5a953c0d6	443251594b83030828d5d5e43dc964151e2adda004136bfc6a4682a5a953c0d6	
UploadFiles/xwzx/2022/3/202203181320583734.png	UploadFiles/xwzx/2022/3/202203181320583734.png	58018	f46623a0ea30cf621f831b2d30a85d45f151e71e3fd8f7bb18f60e7973cffa7e	f46623a0ea30cf621f831b2d30a85d45f151e71e3fd8f7bb18f60e7973cffa7e	
UploadFiles/xwzx/2022/3/202203181623320226.jpg	UploadFiles/xwzx/2022/3/202203181623320226.jpg	53808	7bceb949e98fcdacea8674df6969beff9a96ee12640043a039285abba5d2af6c	7bceb949e98fcdacea8674df6969beff9a96ee12640043a039285abba5d2af6c	
UploadFiles/xwzx/2022/3/202203191400408235.jpg	UploadFiles/xwzx/2022/3/202203191400408235.jpg	29252	34af810c8e132e7f1ecffba4471fc2390013ad39b5a280836062c9315f776fd9	34af810c8e132e7f1ecffba4471fc2390013ad39b5a280836062c9315f776fd9	
UploadFiles/xwzx/2022/3/202203230924357952.png	UploadFiles/xwzx/2022/3/202203230924357952.png	58136	d2ebda57814a0f5ac1eb2c02605800512e80dac62d4f7087a686ba1a5589a88a	d2ebda57814a0f5ac1eb2c02605800512e80dac62d4f7087a686ba1a5589a88a	
UploadFiles/xwzx/2022/3/202203231750532134.png	UploadFiles/xwzx/2022/3/202203231750532134.png	59362	b218bdf861d56938358455a31284c45cd69667a27bcaa36330dc3a067870bcc2	b218bdf861d56938358455a31284c45cd69667a27bcaa36330dc3a067870bcc2	
UploadFiles/xwzx/2022/3/202203241229472458.png	UploadFiles/xwzx/2022/3/202203241229472458.png	57856	5b5a1b440516424f5e5990659afa32f2097b6a2972d9f43de69943523f1b1f27	5b5a1b440516424f5e5990659afa32f2097b6a2972d9f43de69943523f1b1f27	
UploadFiles/xwzx/2022/3/202203250812242649.png	UploadFiles/xwzx/2022/3/202203250812242649.png	202121	faad4cedf40810c8e63abeaccc6ae91405350df70088f2f9d69a4b2d35e7fbb2	faad4cedf40810c8e63abeaccc6ae91405350df70088f2f9d69a4b2d35e7fbb2	
UploadFiles/xwzx/2022/3/202203250812247731.png	UploadFiles/xwzx/2022/3/202203250812247731.png	202839	fd389a91914d4d2fe4bf0ed2c636936935402925ead0c98aee24e297f8e9c298	fd389a91914d4d2fe4bf0ed2c636936935402925ead0c98aee24e297f8e9c298	
UploadFiles/xwzx/2022/3/202203250812249576.png	UploadFiles/xwzx/2022/3/202203250812249576.png	177426	ff68072aea7df4da29e7a967ae1e659ae775553a2c55f4e43087c1833a4fc8ec	ff68072aea7df4da29e7a967ae1e659ae775553a2c55f4e43087c1833a4fc8ec	
UploadFiles/xwzx/2022/3/202203251229535359.jpg	UploadFiles/xwzx/2022/3/202203251229535359.jpg	160070	8895b6e41d13fd6227fcca88a61278a4621d34f599c07865b58f627cd64a37dc	8895b6e41d13fd6227fcca88a61278a4621d34f599c07865b58f627cd64a37dc	
UploadFiles/xwzx/2022/3/202203251229581560.JPG	UploadFiles/xwzx/2022/3/202203251229581560.JPG	6306663	a83c2f102f98b76ae3fa54db717638ebbe515cd802bd7be399dc3c6e3f7292d2	a83c2f102f98b76ae3fa54db717638ebbe515cd802bd7be399dc3c6e3f7292d2	
UploadFiles/xwzx/2022/3/202203251557522356.gif	UploadFiles/xwzx/2022/3/202203251557522356.gif	1005	96ae963c64e3bf7edd26f5e8d131f80d1444536dc7c69b6164d23e4db16a20d3	96ae963c64e3bf7edd26f5e8d131f80d1444536dc7c69b6164d23e4db16a20d3	
UploadFiles/xwzx/2022/3/202203280801171451.jpg	UploadFiles/xwzx/2022/3/202203280801171451.jpg	97900	4a4dd3a8fc4c5c9c0c782fd1043f9ebe8845d56e0e05aa61d53c193ab2144dd3	4a4dd3a8fc4c5c9c0c782fd1043f9ebe8845d56e0e05aa61d53c193ab2144dd3	
UploadFiles/xwzx/2022/3/202203280839387892.jpg	UploadFiles/xwzx/2022/3/202203280839387892.jpg	256837	8ac7467c215b550acb501da5220b074c6f12d5920af940bd09b0fdef93065f4d	8ac7467c215b550acb501da5220b074c6f12d5920af940bd09b0fdef93065f4d	
UploadFiles/xwzx/2022/3/202203280839523007.jpg	UploadFiles/xwzx/2022/3/202203280839523007.jpg	234003	d508d114f8dc716e5628887e2abcb284092f51672c5715dd6b5da10e7f8274de	d508d114f8dc716e5628887e2abcb284092f51672c5715dd6b5da10e7f8274de	
UploadFiles/xwzx/2022/3/202203280840262615.jpg	UploadFiles/xwzx/2022/3/202203280840262615.jpg	182650	a4610a5823f671f4a030cccbc6b0f018b45e9622ef64c4e9a711f4d740cd9204	a4610a5823f671f4a030cccbc6b0f018b45e9622ef64c4e9a711f4d740cd9204	
UploadFiles/xwzx/2022/3/202203280840405309.jpg	UploadFiles/xwzx/2022/3/202203280840405309.jpg	256310	100153cf597ad9240a23632ed72267ff01a12c7cb37b7dc4eb4ed5f28f7f52e8	100153cf597ad9240a23632ed72267ff01a12c7cb37b7dc4eb4ed5f28f7f52e8	
UploadFiles/xwzx/2022/3/202203280840405571.jpg	UploadFiles/xwzx/2022/3/202203280840405571.jpg	178373	789a77178f592584c14580c47fd897de09914517108ccf98abb5573a47628f9a	789a77178f592584c14580c47fd897de09914517108ccf98abb5573a47628f9a	
UploadFiles/xwzx/2022/3/202203280841062588.jpg	UploadFiles/xwzx/2022/3/202203280841062588.jpg	178884	e3cc80d8b53cdf4937fa275ac4135b483f754d3e2504929e226926209667ab05	e3cc80d8b53cdf4937fa275ac4135b483f754d3e2504929e226926209667ab05	
UploadFiles/xwzx/2022/3/202203280841063294.jpg	UploadFiles/xwzx/2022/3/202203280841063294.jpg	223622	b3f3ec02315216609f7ea5e28f0126966d25d6e76ef92cd28fb88881f889dcf3	b3f3ec02315216609f7ea5e28f0126966d25d6e76ef92cd28fb88881f889dcf3	
UploadFiles/xwzx/2022/3/202203280841066135.jpg	UploadFiles/xwzx/2022/3/202203280841066135.jpg	189240	adcb17641e35825926befe345b4a7e08a4fc1b838796ebef456b8c3e81506396	adcb17641e35825926befe345b4a7e08a4fc1b838796ebef456b8c3e81506396	
UploadFiles/xwzx/2022/3/202203280841066790.jpg	UploadFiles/xwzx/2022/3/202203280841066790.jpg	201110	b8102a36674cb87adbce1d6a4985f54d311ee7888ab25ba87cb41afc7c843088	b8102a36674cb87adbce1d6a4985f54d311ee7888ab25ba87cb41afc7c843088	
UploadFiles/xwzx/2022/3/202203280841066802.jpg	UploadFiles/xwzx/2022/3/202203280841066802.jpg	288983	2b0bcc3dcbf8f2e31fd41d1c1a73f11e28b948b947b6d6636b86ee8d37123657	2b0bcc3dcbf8f2e31fd41d1c1a73f11e28b948b947b6d6636b86ee8d37123657	
UploadFiles/xwzx/2022/3/202203280841452980.jpg	UploadFiles/xwzx/2022/3/202203280841452980.jpg	223255	2a5d138544968a94b5a282cd45e056637342287c6fbe09d4e2f6ad9b957645be	2a5d138544968a94b5a282cd45e056637342287c6fbe09d4e2f6ad9b957645be	
UploadFiles/xwzx/2022/3/202203280846417541.jpg	UploadFiles/xwzx/2022/3/202203280846417541.jpg	4587203	cff53c655eb81835c0cc513b18d8509aced24eabe78d384239e2681486b87786	cff53c655eb81835c0cc513b18d8509aced24eabe78d384239e2681486b87786	
UploadFiles/xwzx/2022/3/202203280846451775.jpg	UploadFiles/xwzx/2022/3/202203280846451775.jpg	12058776	6a8f5a41382c2b84310ce9dc0472a7ae85a7348dc8a665df9def5a101be13449	6a8f5a41382c2b84310ce9dc0472a7ae85a7348dc8a665df9def5a101be13449	
UploadFiles/xwzx/2022/3/202203280846470602.jpg	UploadFiles/xwzx/2022/3/202203280846470602.jpg	5011056	9c637316dd5ae53593ed087fa6e8fd3689d4b41d9ffdd7c18cd88c5fca3917b0	9c637316dd5ae53593ed087fa6e8fd3689d4b41d9ffdd7c18cd88c5fca3917b0	
UploadFiles/xwzx/2022/3/202203281530241830.png	UploadFiles/xwzx/2022/3/202203281530241830.png	44134	9d619be35eeccdd4b165ff60ca103d84c0970c9cf13a98b63bc97bc5af5808f3	9d619be35eeccdd4b165ff60ca103d84c0970c9cf13a98b63bc97bc5af5808f3	
UploadFiles/xwzx/2022/3/202203281626459692.gif	UploadFiles/xwzx/2022/3/202203281626459692.gif	1012	62c86a7776611273707faece405890b74a8c521b17a73e339875d8aa4f9ca361	62c86a7776611273707faece405890b74a8c521b17a73e339875d8aa4f9ca361	
UploadFiles/xwzx/2022/3/202203281636570096.jpg	UploadFiles/xwzx/2022/3/202203281636570096.jpg	1308933	9da3b53ede2e80f57b90e5266e43c26c951d3e3df6b81e52739bd42c23554217	9da3b53ede2e80f57b90e5266e43c26c951d3e3df6b81e52739bd42c23554217	
UploadFiles/xwzx/2022/3/202203281637017251.jpg	UploadFiles/xwzx/2022/3/202203281637017251.jpg	356316	600a28bfac5e4f4d19b2b31b3be43086ea15bd18edf4da6930586ed698af9e51	600a28bfac5e4f4d19b2b31b3be43086ea15bd18edf4da6930586ed698af9e51	
UploadFiles/xwzx/2022/3/202203281637055117.jpg	UploadFiles/xwzx/2022/3/202203281637055117.jpg	370720	2d97ee165d7b42b5f4f8278902165684fa0f076664649ea32ca6928fb4b78b97	2d97ee165d7b42b5f4f8278902165684fa0f076664649ea32ca6928fb4b78b97	
UploadFiles/xwzx/2022/3/202203281637089280.jpg	UploadFiles/xwzx/2022/3/202203281637089280.jpg	359511	6629021ace132b255870c9d63a685cbae3440a15b93b88f52cf0ae84c221d495	6629021ace132b255870c9d63a685cbae3440a15b93b88f52cf0ae84c221d495	
UploadFiles/xwzx/2022/3/202203281637124591.jpg	UploadFiles/xwzx/2022/3/202203281637124591.jpg	371703	8e1fbecdccac5ab156efe33b1af1c5b32cfa07aed8b479eefb15953b1c02539e	8e1fbecdccac5ab156efe33b1af1c5b32cfa07aed8b479eefb15953b1c02539e	
UploadFiles/xwzx/2022/3/202203281637157073.jpg	UploadFiles/xwzx/2022/3/202203281637157073.jpg	343305	6c19ca9b0f6d5959f3fedd6da389b3e44dc17e965fbebf5196d433fc4a543c01	6c19ca9b0f6d5959f3fedd6da389b3e44dc17e965fbebf5196d433fc4a543c01	
UploadFiles/xwzx/2022/3/202203290858436965.jpg	UploadFiles/xwzx/2022/3/202203290858436965.jpg	350150	0b7c46f6d7661a6861c49b8773265c4f04e7cfcafbc45d14902e11af4b30985f	0b7c46f6d7661a6861c49b8773265c4f04e7cfcafbc45d14902e11af4b30985f	
UploadFiles/xwzx/2022/3/202203290858496458.jpg	UploadFiles/xwzx/2022/3/202203290858496458.jpg	331133	9582f88c59c008b64934a84e3a4cce79da748b0f3a7a016f78d62bbd905bed4d	9582f88c59c008b64934a84e3a4cce79da748b0f3a7a016f78d62bbd905bed4d	
UploadFiles/xwzx/2022/3/202203290858579704.jpg	UploadFiles/xwzx/2022/3/202203290858579704.jpg	289592	5a5aabb638daf7ab82f1b05957a090dae1a51b8aabe9eee910dff21b3f26616a	5a5aabb638daf7ab82f1b05957a090dae1a51b8aabe9eee910dff21b3f26616a	
UploadFiles/xwzx/2022/3/202203290859430937.gif	UploadFiles/xwzx/2022/3/202203290859430937.gif	1007	163cc66ea50ed88a0477749b55dbe6b10fd3d1d183af23c0081b1e74f0b4df48	163cc66ea50ed88a0477749b55dbe6b10fd3d1d183af23c0081b1e74f0b4df48	
UploadFiles/xwzx/2022/3/202203290927206161.jpg	UploadFiles/xwzx/2022/3/202203290927206161.jpg	1185725	f1e60ef2e8e11c19f5a0ba20d071e877a9579643eff7da0a3b4b34780f797af7	f1e60ef2e8e11c19f5a0ba20d071e877a9579643eff7da0a3b4b34780f797af7	
UploadFiles/xwzx/2022/3/202203290927259597.jpg	UploadFiles/xwzx/2022/3/202203290927259597.jpg	360349	1404c494fe4840ed03e9fa055c45ef6b7466efbfbaaf93203b1fcb04198ef989	1404c494fe4840ed03e9fa055c45ef6b7466efbfbaaf93203b1fcb04198ef989	
UploadFiles/xwzx/2022/3/202203290927309962.jpg	UploadFiles/xwzx/2022/3/202203290927309962.jpg	273833	518400e461e1b17276b204a98876ed89beeb31f1006c86f9e2913c35f1dad188	518400e461e1b17276b204a98876ed89beeb31f1006c86f9e2913c35f1dad188	
UploadFiles/xwzx/2022/3/202203290927352910.jpg	UploadFiles/xwzx/2022/3/202203290927352910.jpg	117402	b4423362345878acf62503f5d7feb68984c6409c8c818a35496beb1042e61f9d	b4423362345878acf62503f5d7feb68984c6409c8c818a35496beb1042e61f9d	
UploadFiles/xwzx/2022/3/202203290929006460.gif	UploadFiles/xwzx/2022/3/202203290929006460.gif	1007	163cc66ea50ed88a0477749b55dbe6b10fd3d1d183af23c0081b1e74f0b4df48	163cc66ea50ed88a0477749b55dbe6b10fd3d1d183af23c0081b1e74f0b4df48	
UploadFiles/xwzx/2022/3/202203290931404138.jpg	UploadFiles/xwzx/2022/3/202203290931404138.jpg	473528	30ecf1cdbf7d6f74527957250ddd742867005ab8151adc826171b2b36621b47b	30ecf1cdbf7d6f74527957250ddd742867005ab8151adc826171b2b36621b47b	
UploadFiles/xwzx/2022/3/202203290931444702.jpg	UploadFiles/xwzx/2022/3/202203290931444702.jpg	274050	14cfc85f931e19a3dc2c8dd270a72795fde765ba920696aeacd5726b6567e9be	14cfc85f931e19a3dc2c8dd270a72795fde765ba920696aeacd5726b6567e9be	
UploadFiles/xwzx/2022/3/202203290931485944.jpg	UploadFiles/xwzx/2022/3/202203290931485944.jpg	278992	d444cda81494d16ae94953d9d956853c089832f1c1a02380e87ba6277ee7d1db	d444cda81494d16ae94953d9d956853c089832f1c1a02380e87ba6277ee7d1db	
UploadFiles/xwzx/2022/3/202203290931533461.jpg	UploadFiles/xwzx/2022/3/202203290931533461.jpg	235277	82adc9056968fb0ca014e16c08d19bbd43bbdd41f0322247abf866dee271574d	82adc9056968fb0ca014e16c08d19bbd43bbdd41f0322247abf866dee271574d	
UploadFiles/xwzx/2022/3/202203290931584799.jpg	UploadFiles/xwzx/2022/3/202203290931584799.jpg	134616	3d9f37f556ab80e27bc53c812dfd048420d292dccf88eae6995e892e9a4d77c1	3d9f37f556ab80e27bc53c812dfd048420d292dccf88eae6995e892e9a4d77c1	
UploadFiles/xwzx/2022/3/202203290932456079.gif	UploadFiles/xwzx/2022/3/202203290932456079.gif	1007	163cc66ea50ed88a0477749b55dbe6b10fd3d1d183af23c0081b1e74f0b4df48	163cc66ea50ed88a0477749b55dbe6b10fd3d1d183af23c0081b1e74f0b4df48	
UploadFiles/xwzx/2022/3/202203290939457612.jpg	UploadFiles/xwzx/2022/3/202203290939457612.jpg	266432	25de601b7ba1d08fe15314c57eb9df5781b8e32f65cbe361558287f7d929eb05	25de601b7ba1d08fe15314c57eb9df5781b8e32f65cbe361558287f7d929eb05	
UploadFiles/xwzx/2022/3/202203290939484578.jpg	UploadFiles/xwzx/2022/3/202203290939484578.jpg	298744	f108b9a17743811fca001fb0356917b2f8f9d95c64ef6d29c11e8c6651885151	f108b9a17743811fca001fb0356917b2f8f9d95c64ef6d29c11e8c6651885151	
UploadFiles/xwzx/2022/3/202203290939532131.jpg	UploadFiles/xwzx/2022/3/202203290939532131.jpg	333815	3f54b3a3f324303ff7b7336c104b5910016ce370284bb6a60a53b0c58f3ee0fa	3f54b3a3f324303ff7b7336c104b5910016ce370284bb6a60a53b0c58f3ee0fa	
UploadFiles/xwzx/2022/3/202203290939589372.jpg	UploadFiles/xwzx/2022/3/202203290939589372.jpg	317516	c86a9b108f3935827ac3e173d956cde07bdda58ffc9c40379d53b0b75f2e4041	c86a9b108f3935827ac3e173d956cde07bdda58ffc9c40379d53b0b75f2e4041	
UploadFiles/xwzx/2022/3/202203290940025772.jpg	UploadFiles/xwzx/2022/3/202203290940025772.jpg	317586	434ee6565071f78557057357f5f474fe786bfbe79eb9424fc040bfa8a0d99ef8	434ee6565071f78557057357f5f474fe786bfbe79eb9424fc040bfa8a0d99ef8	
UploadFiles/xwzx/2022/3/202203290940065038.jpg	UploadFiles/xwzx/2022/3/202203290940065038.jpg	245813	84b7af4dc5ca108c60c0835c4022f4ed98eb4be3fc99691f69d2020562aec8e1	84b7af4dc5ca108c60c0835c4022f4ed98eb4be3fc99691f69d2020562aec8e1	
UploadFiles/xwzx/2022/3/202203290941309523.gif	UploadFiles/xwzx/2022/3/202203290941309523.gif	1007	163cc66ea50ed88a0477749b55dbe6b10fd3d1d183af23c0081b1e74f0b4df48	163cc66ea50ed88a0477749b55dbe6b10fd3d1d183af23c0081b1e74f0b4df48	
UploadFiles/xwzx/2022/3/202203290945447197.jpg	UploadFiles/xwzx/2022/3/202203290945447197.jpg	186266	a27d4553e3b46fe145e9b7a0915629f0f68f6ac36228c2b520cee3983000e903	a27d4553e3b46fe145e9b7a0915629f0f68f6ac36228c2b520cee3983000e903	
UploadFiles/xwzx/2022/3/202203290947093797.gif	UploadFiles/xwzx/2022/3/202203290947093797.gif	1007	163cc66ea50ed88a0477749b55dbe6b10fd3d1d183af23c0081b1e74f0b4df48	163cc66ea50ed88a0477749b55dbe6b10fd3d1d183af23c0081b1e74f0b4df48	
UploadFiles/xwzx/2022/3/202203290948329919.jpg	UploadFiles/xwzx/2022/3/202203290948329919.jpg	248972	00db6c000c767403526496ea709c3f2523ec83c6433d6695006940c53f262ec1	00db6c000c767403526496ea709c3f2523ec83c6433d6695006940c53f262ec1	
UploadFiles/xwzx/2022/3/202203290948353437.jpg	UploadFiles/xwzx/2022/3/202203290948353437.jpg	315148	a1408d74b49092c37c9e938d0aad6c85371b5fe6141269de85bb95a7f82becd5	a1408d74b49092c37c9e938d0aad6c85371b5fe6141269de85bb95a7f82becd5	
UploadFiles/xwzx/2022/3/202203290949045097.gif	UploadFiles/xwzx/2022/3/202203290949045097.gif	1007	163cc66ea50ed88a0477749b55dbe6b10fd3d1d183af23c0081b1e74f0b4df48	163cc66ea50ed88a0477749b55dbe6b10fd3d1d183af23c0081b1e74f0b4df48	
UploadFiles/xwzx/2022/3/202203291036489008.jpg	UploadFiles/xwzx/2022/3/202203291036489008.jpg	250821	23d49f0364163b5444fc67cb839eb5e55d2e2f74ac4cb7ede89b20dd913fcfbe	23d49f0364163b5444fc67cb839eb5e55d2e2f74ac4cb7ede89b20dd913fcfbe	
UploadFiles/xwzx/2022/3/202203291036528754.jpg	UploadFiles/xwzx/2022/3/202203291036528754.jpg	264840	77528a41437a343ad9aea0ea8bc220d4ddd1335b4c699dab6c30f089236c4564	77528a41437a343ad9aea0ea8bc220d4ddd1335b4c699dab6c30f089236c4564	
UploadFiles/xwzx/2022/3/202203291036567958.jpg	UploadFiles/xwzx/2022/3/202203291036567958.jpg	260212	eda45d56a4eff40958a90441a9bbed71c89de5046ba97302b84a5fce9c214bc8	eda45d56a4eff40958a90441a9bbed71c89de5046ba97302b84a5fce9c214bc8	
UploadFiles/xwzx/2022/3/202203291037001947.jpg	UploadFiles/xwzx/2022/3/202203291037001947.jpg	265537	dbad0fe4ee5c7c5554a8df3a6ad9144ff1f7e64907587a451938f0b872416d8c	dbad0fe4ee5c7c5554a8df3a6ad9144ff1f7e64907587a451938f0b872416d8c	
UploadFiles/xwzx/2022/3/202203291037047170.jpg	UploadFiles/xwzx/2022/3/202203291037047170.jpg	256007	e1840e8af530e30519f6761cc5827e3b5616f52f2f45583412bb6ef568d21672	e1840e8af530e30519f6761cc5827e3b5616f52f2f45583412bb6ef568d21672	
UploadFiles/xwzx/2022/3/202203291037093295.jpg	UploadFiles/xwzx/2022/3/202203291037093295.jpg	270193	37930b1ae2a0b819627a003604da9c12657146c1736775b963ca141459df5b7e	37930b1ae2a0b819627a003604da9c12657146c1736775b963ca141459df5b7e	
UploadFiles/xwzx/2022/3/202203291037137754.jpg	UploadFiles/xwzx/2022/3/202203291037137754.jpg	262057	0d2b56058d710f600d0ca7225f492c0baad5d7f93d0dc18655daa54a9cd69bf6	0d2b56058d710f600d0ca7225f492c0baad5d7f93d0dc18655daa54a9cd69bf6	
UploadFiles/xwzx/2022/3/202203291037164126.jpg	UploadFiles/xwzx/2022/3/202203291037164126.jpg	266571	0e4caa9fb436f2f0777a2ccf8d656a48d612cc8a227bd56d70cbd256ccc7525d	0e4caa9fb436f2f0777a2ccf8d656a48d612cc8a227bd56d70cbd256ccc7525d	
UploadFiles/xwzx/2022/3/202203291037217133.jpg	UploadFiles/xwzx/2022/3/202203291037217133.jpg	129841	6d1d8227bfca2c4ef63b92a26efe4be71e8f9afd2e943590b03a612b7f5a25ce	6d1d8227bfca2c4ef63b92a26efe4be71e8f9afd2e943590b03a612b7f5a25ce	
UploadFiles/xwzx/2022/3/202203291405565380.jpg	UploadFiles/xwzx/2022/3/202203291405565380.jpg	270583	60748edb56659705d0ebadee2080ac0b755be2fef04e9641f0abf1209532eedf	60748edb56659705d0ebadee2080ac0b755be2fef04e9641f0abf1209532eedf	
UploadFiles/xwzx/2022/3/202203291406000439.jpg	UploadFiles/xwzx/2022/3/202203291406000439.jpg	324180	701e532a7264457dd739440a135983fd07ff982a0f5c6626604668fae42af501	701e532a7264457dd739440a135983fd07ff982a0f5c6626604668fae42af501	
UploadFiles/xwzx/2022/3/202203291406053605.jpg	UploadFiles/xwzx/2022/3/202203291406053605.jpg	187585	4290ebf6673ddd9af58bf6f24d4b2363c2f555a73260a9aa4647c8ad85dc5edb	4290ebf6673ddd9af58bf6f24d4b2363c2f555a73260a9aa4647c8ad85dc5edb	
UploadFiles/xwzx/2022/3/202203291627360961.png	UploadFiles/xwzx/2022/3/202203291627360961.png	58166	b064630ddae243e33f4789dc20fb974ef1a532b8150823a6a80e2d71a8886492	b064630ddae243e33f4789dc20fb974ef1a532b8150823a6a80e2d71a8886492	
UploadFiles/xwzx/2022/3/202203300739340525.jpg	UploadFiles/xwzx/2022/3/202203300739340525.jpg	37686	3f04584ef0c9bd67439064ed967aa91612a0bd1794debb9a9c3f0d6b81296f13	3f04584ef0c9bd67439064ed967aa91612a0bd1794debb9a9c3f0d6b81296f13	
UploadFiles/xwzx/2022/3/202203300928296418.jpg	UploadFiles/xwzx/2022/3/202203300928296418.jpg	43222	12cc965313388f7ab339c120aa284c91538f6e1390eb3880232c13633318a75d	12cc965313388f7ab339c120aa284c91538f6e1390eb3880232c13633318a75d	
UploadFiles/xwzx/2022/3/202203311612040858.jpg	UploadFiles/xwzx/2022/3/202203311612040858.jpg	1921810	18ddf6d5f045dc68dddd9f78f219a8ae899d743fd8c8a0a76df4987875519610	18ddf6d5f045dc68dddd9f78f219a8ae899d743fd8c8a0a76df4987875519610	
UploadFiles/xwzx/2022/3/202203311612079876.jpg	UploadFiles/xwzx/2022/3/202203311612079876.jpg	1538889	0131c1cee9d1edfb5a559197cd95ac4383d17f9f8df212447113f0b65deaf57c	0131c1cee9d1edfb5a559197cd95ac4383d17f9f8df212447113f0b65deaf57c	
UploadFiles/xwzx/2022/3/202203311618062234.jpg	UploadFiles/xwzx/2022/3/202203311618062234.jpg	280436	90a48e36545e00124a1b582a7f8624a28bb9837ade124726d935ec5b71763b61	90a48e36545e00124a1b582a7f8624a28bb9837ade124726d935ec5b71763b61	
UploadFiles/xwzx/2022/3/202203311618093468.jpg	UploadFiles/xwzx/2022/3/202203311618093468.jpg	318617	a6a08ca61583fab3c76df7203216432f29ea6527ea281c83c716cdaac70c652e	a6a08ca61583fab3c76df7203216432f29ea6527ea281c83c716cdaac70c652e	
UploadFiles/xwzx/2022/3/202203311618118708.jpg	UploadFiles/xwzx/2022/3/202203311618118708.jpg	310767	4e43015030619eb3b389907ff32cc7dec176e72a46e255a86600c00d443e9493	4e43015030619eb3b389907ff32cc7dec176e72a46e255a86600c00d443e9493	
UploadFiles/xwzx/2022/3/202203311618152227.jpg	UploadFiles/xwzx/2022/3/202203311618152227.jpg	311294	23a909ffef722a985cd05090e8cfc5ca907e9137ff7fc9a5bb1984259018b56d	23a909ffef722a985cd05090e8cfc5ca907e9137ff7fc9a5bb1984259018b56d	
UploadFiles/xwzx/2022/3/202203311618195288.jpg	UploadFiles/xwzx/2022/3/202203311618195288.jpg	309465	98f91cd1db5c6fe4699a750445cffc8e33b87c708bf524b47f26553a15dd0549	98f91cd1db5c6fe4699a750445cffc8e33b87c708bf524b47f26553a15dd0549	
UploadFiles/xwzx/2022/4/202204010931119347.jpg	UploadFiles/xwzx/2022/4/202204010931119347.jpg	81580	0f0d491e0e66d4bfbbed9a65686fb16c0e8c01716a8f07a3eacd7d2df83b606e	0f0d491e0e66d4bfbbed9a65686fb16c0e8c01716a8f07a3eacd7d2df83b606e	
UploadFiles/xwzx/2022/4/202204011427389475.png	UploadFiles/xwzx/2022/4/202204011427389475.png	57472	77182a153dda22b0b3bfc7e3e69c98a1ccf8145dcdae084e1a37275e448b390e	77182a153dda22b0b3bfc7e3e69c98a1ccf8145dcdae084e1a37275e448b390e	
UploadFiles/xwzx/2022/4/202204011646137261.jpg	UploadFiles/xwzx/2022/4/202204011646137261.jpg	1158905	bcb48cf3e7b07752b8a292faec95647a98a96d726ef491af8ff57b18282c04b0	bcb48cf3e7b07752b8a292faec95647a98a96d726ef491af8ff57b18282c04b0	
UploadFiles/xwzx/2022/4/202204011646204324.jpg	UploadFiles/xwzx/2022/4/202204011646204324.jpg	297160	abad8d48752a3b6b1743d682295f39c65c31d626174345e82518391fcc0b2c84	abad8d48752a3b6b1743d682295f39c65c31d626174345e82518391fcc0b2c84	
UploadFiles/xwzx/2022/4/202204011646225761.jpg	UploadFiles/xwzx/2022/4/202204011646225761.jpg	210795	821869f57b3cc67cfc07b9930422cc86ae75408cfc4ca613e9bbe8cddb6677f3	821869f57b3cc67cfc07b9930422cc86ae75408cfc4ca613e9bbe8cddb6677f3	
UploadFiles/xwzx/2022/4/202204011648292887.jpg	UploadFiles/xwzx/2022/4/202204011648292887.jpg	481079	3db406174b6c3b7e2295c475697104b63fd11da1c4573976dd041a04ab920398	3db406174b6c3b7e2295c475697104b63fd11da1c4573976dd041a04ab920398	
UploadFiles/xwzx/2022/4/202204011648332288.jpg	UploadFiles/xwzx/2022/4/202204011648332288.jpg	296942	b3e2489cf179d09bd7d88837ab6a7ce9132350f1cfddbbe84c2106f4dce6582a	b3e2489cf179d09bd7d88837ab6a7ce9132350f1cfddbbe84c2106f4dce6582a	
UploadFiles/xwzx/2022/4/202204011648354915.jpg	UploadFiles/xwzx/2022/4/202204011648354915.jpg	93780	5a1d9c782baf68ed4ca40a28fd54a35c99584d98255ebd73f72ffd0e5ff67e0d	5a1d9c782baf68ed4ca40a28fd54a35c99584d98255ebd73f72ffd0e5ff67e0d	
UploadFiles/xwzx/2022/4/202204011649160067.gif	UploadFiles/xwzx/2022/4/202204011649160067.gif	1007	163cc66ea50ed88a0477749b55dbe6b10fd3d1d183af23c0081b1e74f0b4df48	163cc66ea50ed88a0477749b55dbe6b10fd3d1d183af23c0081b1e74f0b4df48	
UploadFiles/xwzx/2022/4/202204011651371933.jpg	UploadFiles/xwzx/2022/4/202204011651371933.jpg	101678	1029ba2407a029bcb2ffeffedb12a58ab2c592ccd9425f402e539ea510e82e15	1029ba2407a029bcb2ffeffedb12a58ab2c592ccd9425f402e539ea510e82e15	
UploadFiles/xwzx/2022/4/202204011651390337.jpg	UploadFiles/xwzx/2022/4/202204011651390337.jpg	55751	b719e37af1a46d2893b1e701962c2297c2596dc4547193c8ca1fe7e5ff63af82	b719e37af1a46d2893b1e701962c2297c2596dc4547193c8ca1fe7e5ff63af82	
UploadFiles/xwzx/2022/4/202204011652138525.gif	UploadFiles/xwzx/2022/4/202204011652138525.gif	1007	163cc66ea50ed88a0477749b55dbe6b10fd3d1d183af23c0081b1e74f0b4df48	163cc66ea50ed88a0477749b55dbe6b10fd3d1d183af23c0081b1e74f0b4df48	
UploadFiles/xwzx/2022/4/202204021454523826.gif	UploadFiles/xwzx/2022/4/202204021454523826.gif	1012	62c86a7776611273707faece405890b74a8c521b17a73e339875d8aa4f9ca361	62c86a7776611273707faece405890b74a8c521b17a73e339875d8aa4f9ca361	
UploadFiles/xwzx/2022/4/202204021456320808.jpg	UploadFiles/xwzx/2022/4/202204021456320808.jpg	90241	de73dcfd19ff3e4ca4b741eeab85c0bfc5502547fd288c76b92794c1fa38fa08	de73dcfd19ff3e4ca4b741eeab85c0bfc5502547fd288c76b92794c1fa38fa08	
UploadFiles/xwzx/2022/4/202204021456340308.jpg	UploadFiles/xwzx/2022/4/202204021456340308.jpg	85755	3e77f2c926552d17957de24b98f07633a354f6d0503587c687709b34e3da80d6	3e77f2c926552d17957de24b98f07633a354f6d0503587c687709b34e3da80d6	
UploadFiles/xwzx/2022/4/202204061526265134.jpg	UploadFiles/xwzx/2022/4/202204061526265134.jpg	182174	10e4b4e0720686d4a43cd83a70a3bbd8fe016803af4df2e8c8831eb7507db76c	10e4b4e0720686d4a43cd83a70a3bbd8fe016803af4df2e8c8831eb7507db76c	
UploadFiles/xwzx/2022/4/202204062100508695.png	UploadFiles/xwzx/2022/4/202204062100508695.png	57379	2a13428587b6c0ca6a5c75ca4b7e44b8560f3169581a58fa0125cab7acd101d6	2a13428587b6c0ca6a5c75ca4b7e44b8560f3169581a58fa0125cab7acd101d6	
UploadFiles/xwzx/2022/4/202204070856263096.jpg	UploadFiles/xwzx/2022/4/202204070856263096.jpg	249738	0fd05538d2dbdd315995e94f106f993d454f3639353ab2812b07b5b150ed296a	0fd05538d2dbdd315995e94f106f993d454f3639353ab2812b07b5b150ed296a	
UploadFiles/xwzx/2022/4/202204070856298628.jpg	UploadFiles/xwzx/2022/4/202204070856298628.jpg	321739	5ed4b9c7a9d2e843bb3e53c96e9cd75914d45a8e188876380fea2a1de97b372f	5ed4b9c7a9d2e843bb3e53c96e9cd75914d45a8e188876380fea2a1de97b372f	
UploadFiles/xwzx/2022/4/202204070856313576.jpg	UploadFiles/xwzx/2022/4/202204070856313576.jpg	338491	8487b3d800397c13f8b94ded73b91cd00f8711e6e4591075a55da348fa6081e2	8487b3d800397c13f8b94ded73b91cd00f8711e6e4591075a55da348fa6081e2	
UploadFiles/xwzx/2022/4/202204070856344513.jpg	UploadFiles/xwzx/2022/4/202204070856344513.jpg	353404	cd8759bcc858b0160724f036f643c99c558faad594e75ccebba95e24d4c4d006	cd8759bcc858b0160724f036f643c99c558faad594e75ccebba95e24d4c4d006	
UploadFiles/xwzx/2022/4/202204070856374427.jpg	UploadFiles/xwzx/2022/4/202204070856374427.jpg	341809	8fcc37f29be825231bc608cd74fdfdd0de0b0576ec0310c8811a227c938d5f83	8fcc37f29be825231bc608cd74fdfdd0de0b0576ec0310c8811a227c938d5f83	
UploadFiles/xwzx/2022/4/202204070856407979.jpg	UploadFiles/xwzx/2022/4/202204070856407979.jpg	351063	ddc857066a4fcfe4229254b65efffe6f55f321a362d2586ed273b43033d9aa1b	ddc857066a4fcfe4229254b65efffe6f55f321a362d2586ed273b43033d9aa1b	
UploadFiles/xwzx/2022/4/202204070856442020.jpg	UploadFiles/xwzx/2022/4/202204070856442020.jpg	333775	7453b83cd1808071785bd87c7c8c75143ad3185af4eff99af320c4dd362463ca	7453b83cd1808071785bd87c7c8c75143ad3185af4eff99af320c4dd362463ca	
UploadFiles/xwzx/2022/4/202204070856474458.jpg	UploadFiles/xwzx/2022/4/202204070856474458.jpg	231759	85ec0e46867d0e2ad06b9164c351e3c99f305b9bcf4eaddc58ab01a1b65c6b0e	85ec0e46867d0e2ad06b9164c351e3c99f305b9bcf4eaddc58ab01a1b65c6b0e	
UploadFiles/xwzx/2022/4/202204070856506308.jpg	UploadFiles/xwzx/2022/4/202204070856506308.jpg	336785	a803787f51460dd56b0465f3da1c0ba93630d07186ab2335828fbf50ee810687	a803787f51460dd56b0465f3da1c0ba93630d07186ab2335828fbf50ee810687	
UploadFiles/xwzx/2022/4/202204070856588014.jpg	UploadFiles/xwzx/2022/4/202204070856588014.jpg	104779	85e709eee020d200bc9a95b0c1c3d9647b469b78e6afeee4a6938516cce9cfb0	85e709eee020d200bc9a95b0c1c3d9647b469b78e6afeee4a6938516cce9cfb0	
UploadFiles/xwzx/2022/4/202204081008444216.gif	UploadFiles/xwzx/2022/4/202204081008444216.gif	1005	96ae963c64e3bf7edd26f5e8d131f80d1444536dc7c69b6164d23e4db16a20d3	96ae963c64e3bf7edd26f5e8d131f80d1444536dc7c69b6164d23e4db16a20d3	
UploadFiles/xwzx/2022/4/202204081442133803.jpg	UploadFiles/xwzx/2022/4/202204081442133803.jpg	292924	3d76d8ec17fbda5461843a9d1c9751fb26332e1f9f13cc76859de86252b7c452	3d76d8ec17fbda5461843a9d1c9751fb26332e1f9f13cc76859de86252b7c452	
UploadFiles/xwzx/2022/4/202204081442176056.jpg	UploadFiles/xwzx/2022/4/202204081442176056.jpg	105737	06616195e79761cb56a5476e3cb88f805cea3f9cf3a4449c814a5e512a5977cf	06616195e79761cb56a5476e3cb88f805cea3f9cf3a4449c814a5e512a5977cf	
UploadFiles/xwzx/2022/4/202204081442208156.jpg	UploadFiles/xwzx/2022/4/202204081442208156.jpg	185105	64f8ce652dd378855446b49063d0952b5a465d9a89b89179f17bd91b4d255a55	64f8ce652dd378855446b49063d0952b5a465d9a89b89179f17bd91b4d255a55	
UploadFiles/xwzx/2022/4/202204081442246165.jpg	UploadFiles/xwzx/2022/4/202204081442246165.jpg	225513	7f2f7e428746192b36efb85a3829ff2f28bcca73d5d2688198ff0433d12d72b5	7f2f7e428746192b36efb85a3829ff2f28bcca73d5d2688198ff0433d12d72b5	
UploadFiles/xwzx/2022/4/202204081442286140.jpg	UploadFiles/xwzx/2022/4/202204081442286140.jpg	250232	a9b010a282b811a7948a178a8015db0c1997108876330a4581c70ffa890cc015	a9b010a282b811a7948a178a8015db0c1997108876330a4581c70ffa890cc015	
UploadFiles/xwzx/2022/4/202204081442323719.jpg	UploadFiles/xwzx/2022/4/202204081442323719.jpg	253275	456d9825bc2cbc06305eeb304490c5d3e582df35a3ca06b6b20233f8c250b563	456d9825bc2cbc06305eeb304490c5d3e582df35a3ca06b6b20233f8c250b563	
UploadFiles/xwzx/2022/4/202204081443097661.gif	UploadFiles/xwzx/2022/4/202204081443097661.gif	1007	163cc66ea50ed88a0477749b55dbe6b10fd3d1d183af23c0081b1e74f0b4df48	163cc66ea50ed88a0477749b55dbe6b10fd3d1d183af23c0081b1e74f0b4df48	
UploadFiles/xwzx/2022/4/202204081809147523.gif	UploadFiles/xwzx/2022/4/202204081809147523.gif	1005	96ae963c64e3bf7edd26f5e8d131f80d1444536dc7c69b6164d23e4db16a20d3	96ae963c64e3bf7edd26f5e8d131f80d1444536dc7c69b6164d23e4db16a20d3	
UploadFiles/xwzx/2022/4/202204091328525937.jpg	UploadFiles/xwzx/2022/4/202204091328525937.jpg	53600	67006f10eece3ef8a2ccb61606d90eddc2590c3b765cb7d41494871ca0765bd9	67006f10eece3ef8a2ccb61606d90eddc2590c3b765cb7d41494871ca0765bd9	
UploadFiles/xwzx/2022/4/202204110944052325.png	UploadFiles/xwzx/2022/4/202204110944052325.png	22307	810163cbf68e17e11670c2f8cd98c95698a0b14b412bceac6f8de35d0c329a4d	810163cbf68e17e11670c2f8cd98c95698a0b14b412bceac6f8de35d0c329a4d	
UploadFiles/xwzx/2022/4/202204111041338004.gif	UploadFiles/xwzx/2022/4/202204111041338004.gif	1007	163cc66ea50ed88a0477749b55dbe6b10fd3d1d183af23c0081b1e74f0b4df48	163cc66ea50ed88a0477749b55dbe6b10fd3d1d183af23c0081b1e74f0b4df48	
UploadFiles/xwzx/2022/4/202204121412265031.png	UploadFiles/xwzx/2022/4/202204121412265031.png	58720	d917ecdeba7ff82eddaf7fa1d1ad4594393d766750a87d8ee221a5f72b375fe9	d917ecdeba7ff82eddaf7fa1d1ad4594393d766750a87d8ee221a5f72b375fe9	
UploadFiles/xwzx/2022/4/202204121637139183.jpg	UploadFiles/xwzx/2022/4/202204121637139183.jpg	183724	8a053167d71e6dc2b007f434748f51ef7db847787f8f1da8364ad27dabfa54f4	8a053167d71e6dc2b007f434748f51ef7db847787f8f1da8364ad27dabfa54f4	
UploadFiles/xwzx/2022/4/202204121637278356.jpg	UploadFiles/xwzx/2022/4/202204121637278356.jpg	299317	d3e0e31211f2ccbe4cdb585df402423a935e127e73f798185a59ce913fe838ab	d3e0e31211f2ccbe4cdb585df402423a935e127e73f798185a59ce913fe838ab	
UploadFiles/xwzx/2022/4/202204121637318540.jpg	UploadFiles/xwzx/2022/4/202204121637318540.jpg	320407	ef81d30f896e988ddcab9fa5136c8f691a8592e891893706278c68c8f7ddd6d3	ef81d30f896e988ddcab9fa5136c8f691a8592e891893706278c68c8f7ddd6d3	
UploadFiles/xwzx/2022/4/202204121637356531.jpg	UploadFiles/xwzx/2022/4/202204121637356531.jpg	313838	f8e9a6730df03e97cdede1553abf74ab0193d5ca03b80655bea6886f774db878	f8e9a6730df03e97cdede1553abf74ab0193d5ca03b80655bea6886f774db878	
UploadFiles/xwzx/2022/4/202204121637398625.jpg	UploadFiles/xwzx/2022/4/202204121637398625.jpg	315808	a0cee420a9fc140a86a2b87cff7e722c56a3b8e4c40317d70402dc07540b7223	a0cee420a9fc140a86a2b87cff7e722c56a3b8e4c40317d70402dc07540b7223	
UploadFiles/xwzx/2022/4/202204121637425768.jpg	UploadFiles/xwzx/2022/4/202204121637425768.jpg	160666	88c1e7a3831dec01f9b288de5d9460af6c5ea3648f49dc702e2eef229f060497	88c1e7a3831dec01f9b288de5d9460af6c5ea3648f49dc702e2eef229f060497	
UploadFiles/xwzx/2022/4/202204121638218735.gif	UploadFiles/xwzx/2022/4/202204121638218735.gif	1007	163cc66ea50ed88a0477749b55dbe6b10fd3d1d183af23c0081b1e74f0b4df48	163cc66ea50ed88a0477749b55dbe6b10fd3d1d183af23c0081b1e74f0b4df48	
UploadFiles/xwzx/2022/4/202204130759452582.gif	UploadFiles/xwzx/2022/4/202204130759452582.gif	996	6a8c34408daee220b364f56261db307a68c0d8732f762bb90ddccb5482683677	6a8c34408daee220b364f56261db307a68c0d8732f762bb90ddccb5482683677	
UploadFiles/xwzx/2022/4/202204130759455835.gif	UploadFiles/xwzx/2022/4/202204130759455835.gif	1012	62c86a7776611273707faece405890b74a8c521b17a73e339875d8aa4f9ca361	62c86a7776611273707faece405890b74a8c521b17a73e339875d8aa4f9ca361	
UploadFiles/xwzx/2022/4/202204130808043184.png	UploadFiles/xwzx/2022/4/202204130808043184.png	37927	306b56d4246f448daf3c61fef4292dda4ae192dfb92b7b61e8f33bb01d21c889	306b56d4246f448daf3c61fef4292dda4ae192dfb92b7b61e8f33bb01d21c889	
UploadFiles/xwzx/2022/4/202204130810334327.jpg	UploadFiles/xwzx/2022/4/202204130810334327.jpg	494121	f1fa480c33e23ea2a769d0f58620d6c3b6dacc980a669aa9c45c286a095d9923	f1fa480c33e23ea2a769d0f58620d6c3b6dacc980a669aa9c45c286a095d9923	
UploadFiles/xwzx/2022/4/202204130810334862.jpg	UploadFiles/xwzx/2022/4/202204130810334862.jpg	497914	75511ef105ccf4aca94433a40475d7dc14fa6a5a6b5801caef536c023f85db3d	75511ef105ccf4aca94433a40475d7dc14fa6a5a6b5801caef536c023f85db3d	
UploadFiles/xwzx/2022/4/202204130810339590.jpg	UploadFiles/xwzx/2022/4/202204130810339590.jpg	470250	770da36335607e3fd524d69fa0d121a9c7b0d296ce4d9362b9f3014c350c06e9	770da36335607e3fd524d69fa0d121a9c7b0d296ce4d9362b9f3014c350c06e9	
UploadFiles/xwzx/2022/4/202204130810339783.jpg	UploadFiles/xwzx/2022/4/202204130810339783.jpg	476233	65786ec6eadca9b30aea513eb2c1895d2efb237b21a6fbca4b2d6c6bd768b46a	65786ec6eadca9b30aea513eb2c1895d2efb237b21a6fbca4b2d6c6bd768b46a	
UploadFiles/xwzx/2022/4/202204130810350467.jpg	UploadFiles/xwzx/2022/4/202204130810350467.jpg	3520740	77771353c3be53ae471934532e1399ce93d91dc35446379712e5986fd85e58e4	77771353c3be53ae471934532e1399ce93d91dc35446379712e5986fd85e58e4	
UploadFiles/xwzx/2022/4/202204130810371202.jpg	UploadFiles/xwzx/2022/4/202204130810371202.jpg	3276161	464f554bb237ef04d46e26b9cf50b6201d7879f2456b1932bddef02f28f395d2	464f554bb237ef04d46e26b9cf50b6201d7879f2456b1932bddef02f28f395d2	
UploadFiles/xwzx/2022/4/202204130810389658.jpg	UploadFiles/xwzx/2022/4/202204130810389658.jpg	487590	43cd4df4e379ffdea5c23c8addc6e36b9702e08f317ff3e28f78dabd87222f97	43cd4df4e379ffdea5c23c8addc6e36b9702e08f317ff3e28f78dabd87222f97	
UploadFiles/xwzx/2022/4/202204130810405013.jpg	UploadFiles/xwzx/2022/4/202204130810405013.jpg	6321638	18c55380f276e0e8fdcb9dd3184ea6b43757da205a9d94572411e7af94cd48a7	18c55380f276e0e8fdcb9dd3184ea6b43757da205a9d94572411e7af94cd48a7	
UploadFiles/xwzx/2022/4/202204130810423623.jpg	UploadFiles/xwzx/2022/4/202204130810423623.jpg	6220987	953d2a5532da02c3156cb3ddb4e8f0c7de0d095e8c46ff9b76b138ae51c241de	953d2a5532da02c3156cb3ddb4e8f0c7de0d095e8c46ff9b76b138ae51c241de	
UploadFiles/xwzx/2022/4/202204130810443749.jpg	UploadFiles/xwzx/2022/4/202204130810443749.jpg	4177027	7eefa755b12659f62c630f1e3e6d5feff91da66df0e96b2c121867fad6b20806	7eefa755b12659f62c630f1e3e6d5feff91da66df0e96b2c121867fad6b20806	
UploadFiles/xwzx/2022/4/202204130810465679.jpg	UploadFiles/xwzx/2022/4/202204130810465679.jpg	3728157	af243f6e593c7d77230a482563d9274c093679d116730f75ec7fd978e4d455e7	af243f6e593c7d77230a482563d9274c093679d116730f75ec7fd978e4d455e7	
UploadFiles/xwzx/2022/4/202204130810482027.jpg	UploadFiles/xwzx/2022/4/202204130810482027.jpg	3738517	f91bedc4e3117e133eb3e5e7dc2909c22ea16345e375b94ea53e79b0fbdf6568	f91bedc4e3117e133eb3e5e7dc2909c22ea16345e375b94ea53e79b0fbdf6568	
UploadFiles/xwzx/2022/4/202204130810500058.jpg	UploadFiles/xwzx/2022/4/202204130810500058.jpg	3121260	5550bff1685fba8e1b0257ead4853703cc9c0f556c23cf8e8c2a2addf609f5cd	5550bff1685fba8e1b0257ead4853703cc9c0f556c23cf8e8c2a2addf609f5cd	
UploadFiles/xwzx/2022/4/202204130810515131.jpg	UploadFiles/xwzx/2022/4/202204130810515131.jpg	2226402	0235e66feaad6a13035723a78a0071f70774ae9a877ed98c41a34495bcf54369	0235e66feaad6a13035723a78a0071f70774ae9a877ed98c41a34495bcf54369	
UploadFiles/xwzx/2022/4/202204130810558322.jpg	UploadFiles/xwzx/2022/4/202204130810558322.jpg	6838305	f6f895275011aa49a47ddcf5b24fa79dd95368aba9fdf8a266dbdf4df3fb0d26	f6f895275011aa49a47ddcf5b24fa79dd95368aba9fdf8a266dbdf4df3fb0d26	
UploadFiles/xwzx/2022/4/202204130810560144.jpg	UploadFiles/xwzx/2022/4/202204130810560144.jpg	2546653	185918a8c001e084c30811846f8c8c2b595a32a492eaa3e38898ab57861874a9	185918a8c001e084c30811846f8c8c2b595a32a492eaa3e38898ab57861874a9	
UploadFiles/xwzx/2022/4/202204130810561842.jpg	UploadFiles/xwzx/2022/4/202204130810561842.jpg	2517776	8a335dd3da9ed3b4b518e393acacf40b52edfcb703d5e572f4af954023d0b05e	8a335dd3da9ed3b4b518e393acacf40b52edfcb703d5e572f4af954023d0b05e	
UploadFiles/xwzx/2022/4/202204130810575403.jpg	UploadFiles/xwzx/2022/4/202204130810575403.jpg	3526758	0de2860a4ea10425427c7f277f1947750f2528b026e5275b6e3f4aec888e8c93	0de2860a4ea10425427c7f277f1947750f2528b026e5275b6e3f4aec888e8c93	
UploadFiles/xwzx/2022/4/202204131607083785.jpg	UploadFiles/xwzx/2022/4/202204131607083785.jpg	178861	a5cef5019527210cd9734cba4a1b30e525f307fa7b44114a6ae78c3a43a738cb	a5cef5019527210cd9734cba4a1b30e525f307fa7b44114a6ae78c3a43a738cb	
UploadFiles/xwzx/2022/4/202204131607155381.jpg	UploadFiles/xwzx/2022/4/202204131607155381.jpg	347617	d66d3d97448d32f2fdb40faff63df2c88f6b012332ffb60f9b14801bd1148f17	d66d3d97448d32f2fdb40faff63df2c88f6b012332ffb60f9b14801bd1148f17	
UploadFiles/xwzx/2022/4/202204131607193059.jpg	UploadFiles/xwzx/2022/4/202204131607193059.jpg	356365	0c3370477df0e14eed1b3247f34608751e74ab4f05d574d775f055205655851b	0c3370477df0e14eed1b3247f34608751e74ab4f05d574d775f055205655851b	
UploadFiles/xwzx/2022/4/202204131607245184.jpg	UploadFiles/xwzx/2022/4/202204131607245184.jpg	355023	0d23cc46e9e17b9860a8953e19ee7d7ecacf18fe9d2b9e5bdee9435615ee0a50	0d23cc46e9e17b9860a8953e19ee7d7ecacf18fe9d2b9e5bdee9435615ee0a50	
UploadFiles/xwzx/2022/4/202204131607291373.jpg	UploadFiles/xwzx/2022/4/202204131607291373.jpg	347045	48441949c211ffca8a700db6060f63494f32866146cee155eb5fabb39bf5502a	48441949c211ffca8a700db6060f63494f32866146cee155eb5fabb39bf5502a	
UploadFiles/xwzx/2022/4/202204131607346015.jpg	UploadFiles/xwzx/2022/4/202204131607346015.jpg	367492	81d429a36b3e08975859c6e99f0f84ec913f1e04216aa93c58925238cc889572	81d429a36b3e08975859c6e99f0f84ec913f1e04216aa93c58925238cc889572	
UploadFiles/xwzx/2022/4/202204131607370288.jpg	UploadFiles/xwzx/2022/4/202204131607370288.jpg	249555	7275c4e5b35da5c3b771e30732ab2972d6ccbffe8e50da672ea896323a48bc9a	7275c4e5b35da5c3b771e30732ab2972d6ccbffe8e50da672ea896323a48bc9a	
UploadFiles/xwzx/2022/4/202204131607410767.jpg	UploadFiles/xwzx/2022/4/202204131607410767.jpg	94043	bf6c8be4bc48d35ac52f0921df1c1e7b50b0343e43387e17101f074116db3d73	bf6c8be4bc48d35ac52f0921df1c1e7b50b0343e43387e17101f074116db3d73	
UploadFiles/xwzx/2022/4/202204131608293988.gif	UploadFiles/xwzx/2022/4/202204131608293988.gif	1007	163cc66ea50ed88a0477749b55dbe6b10fd3d1d183af23c0081b1e74f0b4df48	163cc66ea50ed88a0477749b55dbe6b10fd3d1d183af23c0081b1e74f0b4df48	
UploadFiles/xwzx/2022/4/202204180958304838.gif	UploadFiles/xwzx/2022/4/202204180958304838.gif	1005	96ae963c64e3bf7edd26f5e8d131f80d1444536dc7c69b6164d23e4db16a20d3	96ae963c64e3bf7edd26f5e8d131f80d1444536dc7c69b6164d23e4db16a20d3	
UploadFiles/xwzx/2022/4/202204190918544343.jpg	UploadFiles/xwzx/2022/4/202204190918544343.jpg	242506	8e5b90e4de6b24c59696dbafbf0370daeb36020f69a3194a61323205cf35e0ad	8e5b90e4de6b24c59696dbafbf0370daeb36020f69a3194a61323205cf35e0ad	
UploadFiles/xwzx/2022/4/202204190918573141.jpg	UploadFiles/xwzx/2022/4/202204190918573141.jpg	320295	087a52d34a40a41842f991522f889bdc40783e0969b7c9c5adca0c38d54b0d3c	087a52d34a40a41842f991522f889bdc40783e0969b7c9c5adca0c38d54b0d3c	
UploadFiles/xwzx/2022/4/202204190919019417.jpg	UploadFiles/xwzx/2022/4/202204190919019417.jpg	317503	1efb498d91bc5072c63fd8db1ea0d62495e991ace671b5ece1c0847a804be5ee	1efb498d91bc5072c63fd8db1ea0d62495e991ace671b5ece1c0847a804be5ee	
UploadFiles/xwzx/2022/4/202204190919053788.jpg	UploadFiles/xwzx/2022/4/202204190919053788.jpg	316160	104f7272ffb2c40cbc90bbe162ab15071926216de106f780d3f3b8c165de593f	104f7272ffb2c40cbc90bbe162ab15071926216de106f780d3f3b8c165de593f	
UploadFiles/xwzx/2022/4/202204190919092056.jpg	UploadFiles/xwzx/2022/4/202204190919092056.jpg	203471	df767a98bfbf4cd5c87f9d4768f2b357b9c7237dbb55d2fd7ddaaa239dd2510a	df767a98bfbf4cd5c87f9d4768f2b357b9c7237dbb55d2fd7ddaaa239dd2510a	
UploadFiles/xwzx/2022/4/202204190919127749.jpg	UploadFiles/xwzx/2022/4/202204190919127749.jpg	67395	c4c8cd855a1b732cddf8c97f05224425b61978e39d21a4288b5d5d435ca74cab	c4c8cd855a1b732cddf8c97f05224425b61978e39d21a4288b5d5d435ca74cab	
UploadFiles/xwzx/2022/4/202204190920276150.gif	UploadFiles/xwzx/2022/4/202204190920276150.gif	1007	163cc66ea50ed88a0477749b55dbe6b10fd3d1d183af23c0081b1e74f0b4df48	163cc66ea50ed88a0477749b55dbe6b10fd3d1d183af23c0081b1e74f0b4df48	
UploadFiles/xwzx/2022/4/202204190932229500.jpg	UploadFiles/xwzx/2022/4/202204190932229500.jpg	74505	9df56c2ffd2b5d5596d8fd564d8e24cbe74f355fa05157f46afec3fe72bfbf65	9df56c2ffd2b5d5596d8fd564d8e24cbe74f355fa05157f46afec3fe72bfbf65	
UploadFiles/xwzx/2022/4/202204190953338422.jpg	UploadFiles/xwzx/2022/4/202204190953338422.jpg	210406	75a5075469f25f59975ca8ed8043e71d88352bfce7b5a5ac857a282ffd67c8e9	75a5075469f25f59975ca8ed8043e71d88352bfce7b5a5ac857a282ffd67c8e9	
UploadFiles/xwzx/2022/4/202204190953374831.jpg	UploadFiles/xwzx/2022/4/202204190953374831.jpg	39867	3c19f258a669d12f001573d06c92aa378c6e45a49139ec64dad90fedacc61025	3c19f258a669d12f001573d06c92aa378c6e45a49139ec64dad90fedacc61025	
UploadFiles/xwzx/2022/4/202204191000438808.png	UploadFiles/xwzx/2022/4/202204191000438808.png	1041216	aabae753ba594dfe0eb58c34406a26a62f1079b9a542d1af79542820f0d0c565	aabae753ba594dfe0eb58c34406a26a62f1079b9a542d1af79542820f0d0c565	
UploadFiles/xwzx/2022/4/202204191000439289.png	UploadFiles/xwzx/2022/4/202204191000439289.png	1024522	64077a87836e02e0f5155fd7637147c651c701e6d14251977027929253627a49	64077a87836e02e0f5155fd7637147c651c701e6d14251977027929253627a49	
UploadFiles/xwzx/2022/4/202204191000582665.png	UploadFiles/xwzx/2022/4/202204191000582665.png	987740	f5f61fbc655087fb37f672fe61c16206f8d815c9fc53e7af4460a9b2a8edbc39	f5f61fbc655087fb37f672fe61c16206f8d815c9fc53e7af4460a9b2a8edbc39	
UploadFiles/xwzx/2022/4/202204191000585900.png	UploadFiles/xwzx/2022/4/202204191000585900.png	991879	85df424a94962c0580b3679ef4c2d1564b87b7400c6944c01e626d79149d06a1	85df424a94962c0580b3679ef4c2d1564b87b7400c6944c01e626d79149d06a1	
UploadFiles/xwzx/2022/4/202204191003400556.png	UploadFiles/xwzx/2022/4/202204191003400556.png	11095743	9c3ee0903fbb3b8815989b6d379877f8f11b43c89e107db592502bc8d5f8b881	9c3ee0903fbb3b8815989b6d379877f8f11b43c89e107db592502bc8d5f8b881	
UploadFiles/xwzx/2022/4/202204191003407680.png	UploadFiles/xwzx/2022/4/202204191003407680.png	1103270	40c70d3b9c63be205f2fe77b51462d738391d73fe394299a013a4170f9ce7cb7	40c70d3b9c63be205f2fe77b51462d738391d73fe394299a013a4170f9ce7cb7	
UploadFiles/xwzx/2022/4/202204191003583213.png	UploadFiles/xwzx/2022/4/202204191003583213.png	1121772	ca5b31f3b67a04ade81872aaf3963da6455796065fa0bce739536d4426ad7c56	ca5b31f3b67a04ade81872aaf3963da6455796065fa0bce739536d4426ad7c56	
UploadFiles/xwzx/2022/4/202204191004133810.png	UploadFiles/xwzx/2022/4/202204191004133810.png	875008	98cfe5adbf5ecbf7e592c9f4a04d78c09bcae77899c4ed41aa74376e8f33c0b3	98cfe5adbf5ecbf7e592c9f4a04d78c09bcae77899c4ed41aa74376e8f33c0b3	
UploadFiles/xwzx/2022/4/202204191004319549.png	UploadFiles/xwzx/2022/4/202204191004319549.png	919983	b3e9d1844978315b75ce0e0ba3d5db448de671c78343fa68ca10aaf862f5d1c6	b3e9d1844978315b75ce0e0ba3d5db448de671c78343fa68ca10aaf862f5d1c6	
UploadFiles/xwzx/2022/4/202204191008401622.png	UploadFiles/xwzx/2022/4/202204191008401622.png	727094	335d6812839afeb81cdcb56f7765369f53570cfbcf37f211a2ec28b5b4ea4762	335d6812839afeb81cdcb56f7765369f53570cfbcf37f211a2ec28b5b4ea4762	
UploadFiles/xwzx/2022/4/202204191008402702.jpg	UploadFiles/xwzx/2022/4/202204191008402702.jpg	1759140	34a5143d2d85493d6c616ba42833030f7c843d692705970165f28b0fcce9f0db	34a5143d2d85493d6c616ba42833030f7c843d692705970165f28b0fcce9f0db	
UploadFiles/xwzx/2022/4/202204191009287765.jpg	UploadFiles/xwzx/2022/4/202204191009287765.jpg	2732668	6613f70c66ad621dfa13af93aa282a4eef3c5bbf0ec9f1aa4d48e8efd335b1d3	6613f70c66ad621dfa13af93aa282a4eef3c5bbf0ec9f1aa4d48e8efd335b1d3	
UploadFiles/xwzx/2022/4/202204191009288234.jpg	UploadFiles/xwzx/2022/4/202204191009288234.jpg	1593482	0628ac9b0e3bf18c66b5b90e9db9c684dcab51ddce62e6e23816880790d2a102	0628ac9b0e3bf18c66b5b90e9db9c684dcab51ddce62e6e23816880790d2a102	
UploadFiles/xwzx/2022/4/202204191011561503.png	UploadFiles/xwzx/2022/4/202204191011561503.png	839781	32cbce5c6dc4537c64cb2faab16c62dfda073ee75f8d488ed806b8a2798155de	32cbce5c6dc4537c64cb2faab16c62dfda073ee75f8d488ed806b8a2798155de	
UploadFiles/xwzx/2022/4/202204191011566156.png	UploadFiles/xwzx/2022/4/202204191011566156.png	835593	e9cf0ee16f9f9f8763578b05c5645e74de7dca59c59fc1c3262c9c0cdbf82d38	e9cf0ee16f9f9f8763578b05c5645e74de7dca59c59fc1c3262c9c0cdbf82d38	
UploadFiles/xwzx/2022/4/202204191012245659.png	UploadFiles/xwzx/2022/4/202204191012245659.png	910001	e0a4702e376760ca72f300d59937914fdf1e9a74e56d9cdd16f03475895e951f	e0a4702e376760ca72f300d59937914fdf1e9a74e56d9cdd16f03475895e951f	
UploadFiles/xwzx/2022/4/202204191012246754.png	UploadFiles/xwzx/2022/4/202204191012246754.png	886100	d49e892aa41799eb6dc747c36fa0581874ae9b30b82ecbcc68a2b07f87d1b811	d49e892aa41799eb6dc747c36fa0581874ae9b30b82ecbcc68a2b07f87d1b811	
UploadFiles/xwzx/2022/4/202204191012464081.png	UploadFiles/xwzx/2022/4/202204191012464081.png	948365	289d5efb544254dabc0e18bc4edf7827ff294230252c67ca754e9677298f4cd7	289d5efb544254dabc0e18bc4edf7827ff294230252c67ca754e9677298f4cd7	
UploadFiles/xwzx/2022/4/202204191012464683.png	UploadFiles/xwzx/2022/4/202204191012464683.png	923028	44c69028d4387fa5c6a20cc1934c4394bf4be8fa6bfe319155d8ef8be0f81c51	44c69028d4387fa5c6a20cc1934c4394bf4be8fa6bfe319155d8ef8be0f81c51	
UploadFiles/xwzx/2022/4/202204191013075386.png	UploadFiles/xwzx/2022/4/202204191013075386.png	1024159	5985ddf788581595736f262411c501a6215ff47be6d2af7bf63d35ad7f6a2dca	5985ddf788581595736f262411c501a6215ff47be6d2af7bf63d35ad7f6a2dca	
UploadFiles/xwzx/2022/4/202204191013076640.png	UploadFiles/xwzx/2022/4/202204191013076640.png	1009444	4458485c643f5c12bac126824d2971da8ac289c2a817ec9456af0a4e0b1717f0	4458485c643f5c12bac126824d2971da8ac289c2a817ec9456af0a4e0b1717f0	
UploadFiles/xwzx/2022/4/202204191013384794.png	UploadFiles/xwzx/2022/4/202204191013384794.png	906599	61557dd89e015dbc79a791a714fcdf72c5c06a5176d76afb67c4cf8c87133dba	61557dd89e015dbc79a791a714fcdf72c5c06a5176d76afb67c4cf8c87133dba	
UploadFiles/xwzx/2022/4/202204191013585129.png	UploadFiles/xwzx/2022/4/202204191013585129.png	843309	6c24320140abf4036f121850a21ebdcaf1b2a0a7811ab6b4bff3d7780d6d61e8	6c24320140abf4036f121850a21ebdcaf1b2a0a7811ab6b4bff3d7780d6d61e8	
UploadFiles/xwzx/2022/4/202204191200003310.png	UploadFiles/xwzx/2022/4/202204191200003310.png	54003	df45a022899aaa7fc863fb23557c52e68a94f66e70df08d590d0d6844da51c6d	df45a022899aaa7fc863fb23557c52e68a94f66e70df08d590d0d6844da51c6d	
UploadFiles/xwzx/2022/4/202204191353011861.gif	UploadFiles/xwzx/2022/4/202204191353011861.gif	1005	96ae963c64e3bf7edd26f5e8d131f80d1444536dc7c69b6164d23e4db16a20d3	96ae963c64e3bf7edd26f5e8d131f80d1444536dc7c69b6164d23e4db16a20d3	
UploadFiles/xwzx/2022/4/202204191354054481.gif	UploadFiles/xwzx/2022/4/202204191354054481.gif	1005	96ae963c64e3bf7edd26f5e8d131f80d1444536dc7c69b6164d23e4db16a20d3	96ae963c64e3bf7edd26f5e8d131f80d1444536dc7c69b6164d23e4db16a20d3	
UploadFiles/xwzx/2022/4/202204201353510226.jpg	UploadFiles/xwzx/2022/4/202204201353510226.jpg	208554	732325e71a2d273b9787ef29d501a23cc10576270d90ebf90409d8e30d25df8d	732325e71a2d273b9787ef29d501a23cc10576270d90ebf90409d8e30d25df8d	
UploadFiles/xwzx/2022/4/202204201353556504.jpg	UploadFiles/xwzx/2022/4/202204201353556504.jpg	290027	458a7ec52489159eec06c289daf5cc842eeb47af169eb5b314ad218b3902cf91	458a7ec52489159eec06c289daf5cc842eeb47af169eb5b314ad218b3902cf91	
UploadFiles/xwzx/2022/4/202204201354025782.jpg	UploadFiles/xwzx/2022/4/202204201354025782.jpg	328429	ee3e5ad87444e5719aee8ce75d3f7a0574a157aedd6871f85c6e5e17b50aec85	ee3e5ad87444e5719aee8ce75d3f7a0574a157aedd6871f85c6e5e17b50aec85	
UploadFiles/xwzx/2022/4/202204201354063739.jpg	UploadFiles/xwzx/2022/4/202204201354063739.jpg	352686	30a8066c6989d1e0e97b70202e87f35d644be881c32ca35f87b03f4903f1589e	30a8066c6989d1e0e97b70202e87f35d644be881c32ca35f87b03f4903f1589e	
UploadFiles/xwzx/2022/4/202204201354099521.jpg	UploadFiles/xwzx/2022/4/202204201354099521.jpg	352361	53a176a1a9c3723b5e176af1b38b178b8ad5302ae1d3f63864ae85bae1c4dae1	53a176a1a9c3723b5e176af1b38b178b8ad5302ae1d3f63864ae85bae1c4dae1	
UploadFiles/xwzx/2022/4/202204201354120758.jpg	UploadFiles/xwzx/2022/4/202204201354120758.jpg	269160	8cb6c5d306eddde0d98141db4411f5a7d2acd361bd34bad4347d4f6b9c01021b	8cb6c5d306eddde0d98141db4411f5a7d2acd361bd34bad4347d4f6b9c01021b	
UploadFiles/xwzx/2022/4/202204201355094039.gif	UploadFiles/xwzx/2022/4/202204201355094039.gif	1007	163cc66ea50ed88a0477749b55dbe6b10fd3d1d183af23c0081b1e74f0b4df48	163cc66ea50ed88a0477749b55dbe6b10fd3d1d183af23c0081b1e74f0b4df48	
UploadFiles/xwzx/2022/4/202204210839328454.png	UploadFiles/xwzx/2022/4/202204210839328454.png	122474	547719a8892b5cdf2e3fd9eae57aa6421043ab11095925e3db423de9e12f8597	547719a8892b5cdf2e3fd9eae57aa6421043ab11095925e3db423de9e12f8597	
UploadFiles/xwzx/2022/4/202204211226437411.png	UploadFiles/xwzx/2022/4/202204211226437411.png	17433	96a011f6b2773e7b42ffc9538ad31e02366ab2161a3c907d6970207fb9cda3ff	96a011f6b2773e7b42ffc9538ad31e02366ab2161a3c907d6970207fb9cda3ff	
UploadFiles/xwzx/2022/4/202204211703581618.gif	UploadFiles/xwzx/2022/4/202204211703581618.gif	1007	163cc66ea50ed88a0477749b55dbe6b10fd3d1d183af23c0081b1e74f0b4df48	163cc66ea50ed88a0477749b55dbe6b10fd3d1d183af23c0081b1e74f0b4df48	
UploadFiles/xwzx/2022/4/202204211705541336.jpg	UploadFiles/xwzx/2022/4/202204211705541336.jpg	41258	58805ff4fb63bb3f60b60095e3c6658f1f8febecf56af2a498c9801c72155e63	58805ff4fb63bb3f60b60095e3c6658f1f8febecf56af2a498c9801c72155e63	
UploadFiles/xwzx/2022/4/202204221218215513.jpg	UploadFiles/xwzx/2022/4/202204221218215513.jpg	65086	bd8d611fa14b6e9060a14fb2e5e3b9fe46d34e6fb179735207fdee35709ebeb3	bd8d611fa14b6e9060a14fb2e5e3b9fe46d34e6fb179735207fdee35709ebeb3	
UploadFiles/xwzx/2022/4/202204240927567177.jpg	UploadFiles/xwzx/2022/4/202204240927567177.jpg	57354	cff1442651b87487e0d64ef2d2cb03be32a6b6a5518f7da243c6b805352a4bc8	cff1442651b87487e0d64ef2d2cb03be32a6b6a5518f7da243c6b805352a4bc8	
UploadFiles/xwzx/2022/4/202204241337430933.png	UploadFiles/xwzx/2022/4/202204241337430933.png	56790	226cea8a2f9f4c546197ec645c005a053e59657a14d748b8dcaa4609381d9a88	226cea8a2f9f4c546197ec645c005a053e59657a14d748b8dcaa4609381d9a88	
UploadFiles/xwzx/2022/4/202204241553283235.jpg	UploadFiles/xwzx/2022/4/202204241553283235.jpg	1471372	1d552dd29a4c90b653a3d32fcac3c93852ea298a59298c1cfd2cff1d5c0baf46	1d552dd29a4c90b653a3d32fcac3c93852ea298a59298c1cfd2cff1d5c0baf46	
UploadFiles/xwzx/2022/4/202204241553287700.jpg	UploadFiles/xwzx/2022/4/202204241553287700.jpg	1358777	c370a1e533dd26b2bece1d160a35b814d72844406f99ce24e0886b7cc5d4aaef	c370a1e533dd26b2bece1d160a35b814d72844406f99ce24e0886b7cc5d4aaef	
UploadFiles/xwzx/2022/4/202204241600163382.jpg	UploadFiles/xwzx/2022/4/202204241600163382.jpg	1183019	0b2cee0a21bf4935a641021f098f856782cc08ca6ce866aaa8f1adc6979a10be	0b2cee0a21bf4935a641021f098f856782cc08ca6ce866aaa8f1adc6979a10be	
UploadFiles/xwzx/2022/4/202204241600165122.jpg	UploadFiles/xwzx/2022/4/202204241600165122.jpg	1209095	f3203930cc96a076de5d29134df36df05edfe8bf5a84f44665eeb5c08c866e29	f3203930cc96a076de5d29134df36df05edfe8bf5a84f44665eeb5c08c866e29	
UploadFiles/xwzx/2022/4/202204241600167664.jpg	UploadFiles/xwzx/2022/4/202204241600167664.jpg	1174890	d028b58355fed6432b918d7f388f0bd562f14c426754db96db7d25c200366af3	d028b58355fed6432b918d7f388f0bd562f14c426754db96db7d25c200366af3	
UploadFiles/xwzx/2022/4/202204241600171517.jpg	UploadFiles/xwzx/2022/4/202204241600171517.jpg	1111276	a653c2e78b0b88d6f44c6a1511060307d48d40263c5c7c6ba5e5a85364fce4b8	a653c2e78b0b88d6f44c6a1511060307d48d40263c5c7c6ba5e5a85364fce4b8	
UploadFiles/xwzx/2022/4/202204241623379329.jpg	UploadFiles/xwzx/2022/4/202204241623379329.jpg	558008	1af581142f2d26e4111be6fb4b5d449609246cbf6bf0efc913a1c52f9d997f58	1af581142f2d26e4111be6fb4b5d449609246cbf6bf0efc913a1c52f9d997f58	
UploadFiles/xwzx/2022/4/202204241629524502.jpg	UploadFiles/xwzx/2022/4/202204241629524502.jpg	599339	5f623ac27371f68c0e564d4d700cc7cdcdea002cce129b81ac0895ceed2d1056	5f623ac27371f68c0e564d4d700cc7cdcdea002cce129b81ac0895ceed2d1056	
UploadFiles/xwzx/2022/4/202204241644348226.jpg	UploadFiles/xwzx/2022/4/202204241644348226.jpg	369499	dfdddb80367da16b99c6b60cdc516f72a12366e2e6ff42fc774e7b53902ba112	dfdddb80367da16b99c6b60cdc516f72a12366e2e6ff42fc774e7b53902ba112	
UploadFiles/xwzx/2022/4/202204250759060136.jpg	UploadFiles/xwzx/2022/4/202204250759060136.jpg	14573	431a3df1ddfc53d56ed0b1e99e910a74246521e3a78c558bfda35aff279654b9	431a3df1ddfc53d56ed0b1e99e910a74246521e3a78c558bfda35aff279654b9	
UploadFiles/xwzx/2022/4/202204250854471163.gif	UploadFiles/xwzx/2022/4/202204250854471163.gif	1005	96ae963c64e3bf7edd26f5e8d131f80d1444536dc7c69b6164d23e4db16a20d3	96ae963c64e3bf7edd26f5e8d131f80d1444536dc7c69b6164d23e4db16a20d3	
UploadFiles/xwzx/2022/4/202204250900063022.gif	UploadFiles/xwzx/2022/4/202204250900063022.gif	1005	96ae963c64e3bf7edd26f5e8d131f80d1444536dc7c69b6164d23e4db16a20d3	96ae963c64e3bf7edd26f5e8d131f80d1444536dc7c69b6164d23e4db16a20d3	
UploadFiles/xwzx/2022/4/202204250906118363.png	UploadFiles/xwzx/2022/4/202204250906118363.png	30404	51902f1d923b9639cd2ef7f8713d0e5041ac18484e3273ff5566f9269e45da68	51902f1d923b9639cd2ef7f8713d0e5041ac18484e3273ff5566f9269e45da68	
UploadFiles/xwzx/2022/4/202204261107176466.png	UploadFiles/xwzx/2022/4/202204261107176466.png	803067	89e2fa7af1f8081773e71bbb922ab307c2ce42f75ff5fc0f3a69116a8096c496	89e2fa7af1f8081773e71bbb922ab307c2ce42f75ff5fc0f3a69116a8096c496	
UploadFiles/xwzx/2022/4/202204261107197734.png	UploadFiles/xwzx/2022/4/202204261107197734.png	683050	fa6183c078ceb9c0f5aa851d58631711e9f9b8fb1048a134489dcf80276e43a2	fa6183c078ceb9c0f5aa851d58631711e9f9b8fb1048a134489dcf80276e43a2	
UploadFiles/xwzx/2022/4/202204261107207831.png	UploadFiles/xwzx/2022/4/202204261107207831.png	712639	27310fe63af73c1042d894554a8ed575e735faafa8d727f016e0dbe29fed7bf3	27310fe63af73c1042d894554a8ed575e735faafa8d727f016e0dbe29fed7bf3	
UploadFiles/xwzx/2022/4/202204261107215797.png	UploadFiles/xwzx/2022/4/202204261107215797.png	927815	ae34f259ceb0a8f3c05c398b55a959ebfb00749af62f7a29b8de6f9374f30c71	ae34f259ceb0a8f3c05c398b55a959ebfb00749af62f7a29b8de6f9374f30c71	
UploadFiles/xwzx/2022/4/202204261107218946.png	UploadFiles/xwzx/2022/4/202204261107218946.png	849882	4fab06c42f33405f030f77bc15da20393c3612e3ae4f61c8602955b499f5d552	4fab06c42f33405f030f77bc15da20393c3612e3ae4f61c8602955b499f5d552	
UploadFiles/xwzx/2022/4/202204261108332909.jpg	UploadFiles/xwzx/2022/4/202204261108332909.jpg	50079	9a3a227a2a6a3b76b228c51fa5d58ae1e93be2de3c1182419d020633fad07adc	9a3a227a2a6a3b76b228c51fa5d58ae1e93be2de3c1182419d020633fad07adc	
UploadFiles/xwzx/2022/4/202204261108359199.jpg	UploadFiles/xwzx/2022/4/202204261108359199.jpg	1674486	5a20230ab746e0a3188cc0e9b28c89b98763de7dba43f13cc65f319227dbfbe8	5a20230ab746e0a3188cc0e9b28c89b98763de7dba43f13cc65f319227dbfbe8	
UploadFiles/xwzx/2022/4/202204290758401943.JPG	UploadFiles/xwzx/2022/4/202204290758401943.JPG	3027915	c7d6f8934eec4ee3558f44d5e9b939652813265a1e7ec4a62a17b29a22fc0d03	c7d6f8934eec4ee3558f44d5e9b939652813265a1e7ec4a62a17b29a22fc0d03	
UploadFiles/xwzx/2022/4/202204290759513630.jpg	UploadFiles/xwzx/2022/4/202204290759513630.jpg	2695690	ece6b103abde2de51dfee01fcb5a074f957f530ca2a71184ba6bf7e32ea7283e	ece6b103abde2de51dfee01fcb5a074f957f530ca2a71184ba6bf7e32ea7283e	
UploadFiles/xwzx/2022/4/202204290800324928.jpg	UploadFiles/xwzx/2022/4/202204290800324928.jpg	1932417	0a155b6727e73edf8d62e77c561a7e1b488ecfaa729d3909450cce22f874bd0d	0a155b6727e73edf8d62e77c561a7e1b488ecfaa729d3909450cce22f874bd0d	
UploadFiles/xwzx/2022/4/202204290800331961.jpg	UploadFiles/xwzx/2022/4/202204290800331961.jpg	2619504	f7ed3346b72941fbf7405c8d588c434179c2080dfce2a3b25aa923b8dd22d5ee	f7ed3346b72941fbf7405c8d588c434179c2080dfce2a3b25aa923b8dd22d5ee	
UploadFiles/xwzx/2022/4/202204290801418084.jpg	UploadFiles/xwzx/2022/4/202204290801418084.jpg	1997741	98620edc8aa3f4f0edcf810542f29000e0b8b4c01ffe05eda02f0b4c3e374196	98620edc8aa3f4f0edcf810542f29000e0b8b4c01ffe05eda02f0b4c3e374196	
UploadFiles/xwzx/2022/4/202204290801425966.jpg	UploadFiles/xwzx/2022/4/202204290801425966.jpg	2008604	d19a6a0ace38725f6116ac3bb3f4565937a0259b22a5df10896bd0f44f1e93d8	d19a6a0ace38725f6116ac3bb3f4565937a0259b22a5df10896bd0f44f1e93d8	
UploadFiles/xwzx/2022/4/202204290802278208.jpg	UploadFiles/xwzx/2022/4/202204290802278208.jpg	2521312	35d3edc7762df97f85f6d3905d81cc790fcd97208ff273b187e433ecb0a10bee	35d3edc7762df97f85f6d3905d81cc790fcd97208ff273b187e433ecb0a10bee	
UploadFiles/xwzx/2022/4/202204290831161906.jpg	UploadFiles/xwzx/2022/4/202204290831161906.jpg	315246	887d479969ee5b9a4402f8eb2356e7458e5df7c5577f138a9eeff292432cf192	887d479969ee5b9a4402f8eb2356e7458e5df7c5577f138a9eeff292432cf192	
UploadFiles/xwzx/2022/4/202204290831192795.jpg	UploadFiles/xwzx/2022/4/202204290831192795.jpg	126578	cb23095f4447dc225b48c28b6f4617260315fd0882a4b867524a7efe36f69d79	cb23095f4447dc225b48c28b6f4617260315fd0882a4b867524a7efe36f69d79	
UploadFiles/xwzx/2022/4/202204290940093224.jpg	UploadFiles/xwzx/2022/4/202204290940093224.jpg	105711	bd69cf0966dbdee2c35182d9cc8efc4370b139f4cf12033ad25bef1fa214f902	bd69cf0966dbdee2c35182d9cc8efc4370b139f4cf12033ad25bef1fa214f902	
UploadFiles/xwzx/2022/4/202204290940383424.jpg	UploadFiles/xwzx/2022/4/202204290940383424.jpg	315548	9a1c770850e22160876d7b9c55503bd09ef2397267477765c2ca5038703ab581	9a1c770850e22160876d7b9c55503bd09ef2397267477765c2ca5038703ab581	
UploadFiles/xwzx/2022/4/202204290940489481.jpg	UploadFiles/xwzx/2022/4/202204290940489481.jpg	214437	4ef4ea16c3cfb3a816a14704f565c71f09bb6d814166e6832484136c58be0185	4ef4ea16c3cfb3a816a14704f565c71f09bb6d814166e6832484136c58be0185	
UploadFiles/xwzx/2022/4/202204291114473477.jpg	UploadFiles/xwzx/2022/4/202204291114473477.jpg	28041	407bfdd945e8018960c8580b87bd7ba98671c6866d7305c15ee13040e77c15fd	407bfdd945e8018960c8580b87bd7ba98671c6866d7305c15ee13040e77c15fd	
UploadFiles/xwzx/2022/4/202204291251594668.jpg	UploadFiles/xwzx/2022/4/202204291251594668.jpg	46763	d5927853ec6730a5df1454c426fbb3b70375d9ccc396016b626ec49da40dc073	d5927853ec6730a5df1454c426fbb3b70375d9ccc396016b626ec49da40dc073	
UploadFiles/xwzx/2022/4/202204291334281110.jpg	UploadFiles/xwzx/2022/4/202204291334281110.jpg	251652	68daabf6d7c6683300907b15b1c8c60a9edc8f4307e4839a18169df15e3b2a9e	68daabf6d7c6683300907b15b1c8c60a9edc8f4307e4839a18169df15e3b2a9e	
UploadFiles/xwzx/2022/4/202204291334310208.jpg	UploadFiles/xwzx/2022/4/202204291334310208.jpg	324471	a006f7d77dcfe2c874c023f833e3fe096ac59c28e1801984a95f153cf2ea34fb	a006f7d77dcfe2c874c023f833e3fe096ac59c28e1801984a95f153cf2ea34fb	
UploadFiles/xwzx/2022/4/202204291334350785.jpg	UploadFiles/xwzx/2022/4/202204291334350785.jpg	322974	817b84ad1cc3147f9364dc4b084b01348d26105fca08ab6643a3a31bd171505a	817b84ad1cc3147f9364dc4b084b01348d26105fca08ab6643a3a31bd171505a	
UploadFiles/xwzx/2022/4/202204291334395069.jpg	UploadFiles/xwzx/2022/4/202204291334395069.jpg	280328	37a3728e1f07b286d9690b0eb6bf555c9d0e5f5e80872b0df02ecce2d84e3f04	37a3728e1f07b286d9690b0eb6bf555c9d0e5f5e80872b0df02ecce2d84e3f04	
UploadFiles/xwzx/2022/4/202204291334435702.jpg	UploadFiles/xwzx/2022/4/202204291334435702.jpg	100743	ddc98689e16e9327d26950721c41cb88bee2a9b758d0e7128f65fdde50f72364	ddc98689e16e9327d26950721c41cb88bee2a9b758d0e7128f65fdde50f72364	
UploadFiles/xwzx/2022/5/202205020910001670.JPG	UploadFiles/xwzx/2022/5/202205020910001670.JPG	146992	69bbd14e1a9f34aa0d0d6e951c31f3a4f886b30331fb4d3bb316ea7c60eb10bc	69bbd14e1a9f34aa0d0d6e951c31f3a4f886b30331fb4d3bb316ea7c60eb10bc	
UploadFiles/xwzx/2022/5/202205020910192370.jpg	UploadFiles/xwzx/2022/5/202205020910192370.jpg	4562785	084b8c48757a4e09865d040607b87507fba682d8a9d80a569a42784ea6b9058a	084b8c48757a4e09865d040607b87507fba682d8a9d80a569a42784ea6b9058a	
UploadFiles/xwzx/2022/5/202205040919053085.jpg	UploadFiles/xwzx/2022/5/202205040919053085.jpg	5153882	2fbafbe84592e1a2dab667bef3fdf30b62e347678c59972441f5444180c8f113	2fbafbe84592e1a2dab667bef3fdf30b62e347678c59972441f5444180c8f113	
UploadFiles/xwzx/2022/5/202205041052059357.png	UploadFiles/xwzx/2022/5/202205041052059357.png	27061	237109aefbc63c38ff1685b7723316ed8521eb434afc199d01051c54adfb321b	237109aefbc63c38ff1685b7723316ed8521eb434afc199d01051c54adfb321b	
UploadFiles/xwzx/2022/5/202205041228245441.jpg	UploadFiles/xwzx/2022/5/202205041228245441.jpg	19087	9793ca3147fa49fb9267d189ef6c0e7b2f736021dd579ce19ee8afb4d0420f4e	9793ca3147fa49fb9267d189ef6c0e7b2f736021dd579ce19ee8afb4d0420f4e	
UploadFiles/xwzx/2022/5/202205041229492155.jpg	UploadFiles/xwzx/2022/5/202205041229492155.jpg	25717	0b2eac2e1909bfe27402a25c56e76e956dbb1ff32114583cfabfc5b190c667a6	0b2eac2e1909bfe27402a25c56e76e956dbb1ff32114583cfabfc5b190c667a6	
UploadFiles/xwzx/2022/5/202205050811018155.png	UploadFiles/xwzx/2022/5/202205050811018155.png	2046798	7a52d3586c698411ce9463c71070a2c11b3821c00f9c738b8f9544df46eb910a	7a52d3586c698411ce9463c71070a2c11b3821c00f9c738b8f9544df46eb910a	
UploadFiles/xwzx/2022/5/202205050811326023.JPG	UploadFiles/xwzx/2022/5/202205050811326023.JPG	4821333	6f167d2a2cd89173544b594deb27d47b2be64b802ca6e0eb08bae1a09e1a1174	6f167d2a2cd89173544b594deb27d47b2be64b802ca6e0eb08bae1a09e1a1174	
UploadFiles/xwzx/2022/5/202205050811328627.png	UploadFiles/xwzx/2022/5/202205050811328627.png	2511505	0a2b4adba75b415b92630e44a56c91327b09442467a6ea38acb39c27a484ce5a	0a2b4adba75b415b92630e44a56c91327b09442467a6ea38acb39c27a484ce5a	
UploadFiles/xwzx/2022/5/202205050812066626.jpg	UploadFiles/xwzx/2022/5/202205050812066626.jpg	3401075	cfc9d10adf2cefaf58f8acc5e2766c95dfbb2d459c996e610b295a01ea693492	cfc9d10adf2cefaf58f8acc5e2766c95dfbb2d459c996e610b295a01ea693492	
UploadFiles/xwzx/2022/5/202205051403189562.png	UploadFiles/xwzx/2022/5/202205051403189562.png	305973	7148f9591c27dc715838a93f57a78d289ee51677c0668d229c98150df1904db9	7148f9591c27dc715838a93f57a78d289ee51677c0668d229c98150df1904db9	
UploadFiles/xwzx/2022/5/202205051403524368.jpg	UploadFiles/xwzx/2022/5/202205051403524368.jpg	102067	492fb71455391c3489d426ddcc5421388678aa3f415248dc1eeb93fb43de00d2	492fb71455391c3489d426ddcc5421388678aa3f415248dc1eeb93fb43de00d2	
UploadFiles/xwzx/2022/5/202205051404100568.JPG	UploadFiles/xwzx/2022/5/202205051404100568.JPG	194336	03d376666294e8af034f43fbd83132af2b807cb2d0ce3bf4750f4c22d56c13ae	03d376666294e8af034f43fbd83132af2b807cb2d0ce3bf4750f4c22d56c13ae	
UploadFiles/xwzx/2022/5/202205060758543153.gif	UploadFiles/xwzx/2022/5/202205060758543153.gif	1005	96ae963c64e3bf7edd26f5e8d131f80d1444536dc7c69b6164d23e4db16a20d3	96ae963c64e3bf7edd26f5e8d131f80d1444536dc7c69b6164d23e4db16a20d3	
UploadFiles/xwzx/2022/5/202205061405410995.Png	UploadFiles/xwzx/2022/5/202205061405410995.Png	126951	9040304af5e18ad5a0928ad4ca1b91f3c0b5f51cf8de005ebadc4a7a738cfc95	9040304af5e18ad5a0928ad4ca1b91f3c0b5f51cf8de005ebadc4a7a738cfc95	
UploadFiles/xwzx/2022/5/202205061405414289.Png	UploadFiles/xwzx/2022/5/202205061405414289.Png	154541	bc2742237cbea20401b7e7fd69622205044205aba76b5c6e89b3049f748e7a09	bc2742237cbea20401b7e7fd69622205044205aba76b5c6e89b3049f748e7a09	
UploadFiles/xwzx/2022/5/202205061405416963.Png	UploadFiles/xwzx/2022/5/202205061405416963.Png	131295	2b9e1506e290e14133474c717659d84b91e48a1b7733f211705b175d49dbce42	2b9e1506e290e14133474c717659d84b91e48a1b7733f211705b175d49dbce42	
UploadFiles/xwzx/2022/5/202205061405418713.Png	UploadFiles/xwzx/2022/5/202205061405418713.Png	145549	8769021c36b76fc8626777365024cb1e6daa46101c03efb518e9f283c773c71c	8769021c36b76fc8626777365024cb1e6daa46101c03efb518e9f283c773c71c	
UploadFiles/xwzx/2022/5/202205061405421403.Png	UploadFiles/xwzx/2022/5/202205061405421403.Png	151261	57faf894c933758e0315de94e629545b7b790dd98cf30ec09fe34842963401d6	57faf894c933758e0315de94e629545b7b790dd98cf30ec09fe34842963401d6	
UploadFiles/xwzx/2022/5/202205061405422717.Png	UploadFiles/xwzx/2022/5/202205061405422717.Png	144470	384b204c3e68ebc805d8f8ac867716108fb85912376806e9d63e409f70331146	384b204c3e68ebc805d8f8ac867716108fb85912376806e9d63e409f70331146	
UploadFiles/xwzx/2022/5/202205061405423888.Png	UploadFiles/xwzx/2022/5/202205061405423888.Png	146914	67df976436aac4cbb83832e9096c868ea759a3b171d46ec11db67760cfaba020	67df976436aac4cbb83832e9096c868ea759a3b171d46ec11db67760cfaba020	
UploadFiles/xwzx/2022/5/202205061405425394.Png	UploadFiles/xwzx/2022/5/202205061405425394.Png	155048	a9f09f21ac9df19b6f6c7551f4be41610905fd6d5bde1e8a6d9cffa339588ca7	a9f09f21ac9df19b6f6c7551f4be41610905fd6d5bde1e8a6d9cffa339588ca7	
UploadFiles/xwzx/2022/5/202205061405425601.Png	UploadFiles/xwzx/2022/5/202205061405425601.Png	137284	dbf446cb5786428beab53c515b1c8b9694c45f6e5c21a53878ee0351bff82eb1	dbf446cb5786428beab53c515b1c8b9694c45f6e5c21a53878ee0351bff82eb1	
UploadFiles/xwzx/2022/5/202205061405426594.Png	UploadFiles/xwzx/2022/5/202205061405426594.Png	38284	fa2a12893b6c90cc10cb2d7a326b0ca39ff6a8470d9208c5c6c19f4ff3f6c2e0	fa2a12893b6c90cc10cb2d7a326b0ca39ff6a8470d9208c5c6c19f4ff3f6c2e0	
UploadFiles/xwzx/2022/5/202205061909265377.jpg	UploadFiles/xwzx/2022/5/202205061909265377.jpg	122604	70eec8e027d8680f73a444bc0d42a59790b63a4c0aa5584c7ca301963fcaa870	70eec8e027d8680f73a444bc0d42a59790b63a4c0aa5584c7ca301963fcaa870	
UploadFiles/xwzx/2022/5/202205071206198168.jpg	UploadFiles/xwzx/2022/5/202205071206198168.jpg	13812	b16699d25d63b61b4f421405959c735eb73811a8de967f879c517b684637a8e3	b16699d25d63b61b4f421405959c735eb73811a8de967f879c517b684637a8e3	
UploadFiles/xwzx/2022/5/202205071609454735.png	UploadFiles/xwzx/2022/5/202205071609454735.png	32590	1ce2527780a979f91c2b7d585e250f8398c4253fc5837da7432670e723c78bc2	1ce2527780a979f91c2b7d585e250f8398c4253fc5837da7432670e723c78bc2	
UploadFiles/xwzx/2022/5/202205090805248238.jpg	UploadFiles/xwzx/2022/5/202205090805248238.jpg	3008677	e4fab6807b53f5e228ddecfc1c39bc6dc685c1a50bdab36c031a3879d1c9ec70	e4fab6807b53f5e228ddecfc1c39bc6dc685c1a50bdab36c031a3879d1c9ec70	
UploadFiles/xwzx/2022/5/202205090806012394.JPG	UploadFiles/xwzx/2022/5/202205090806012394.JPG	132565	2ef49df1a3785ee81367b764f2ab195d5789cf132dd9efedf8d4583e141d0868	2ef49df1a3785ee81367b764f2ab195d5789cf132dd9efedf8d4583e141d0868	
UploadFiles/xwzx/2022/5/202205090806191255.JPG	UploadFiles/xwzx/2022/5/202205090806191255.JPG	4226159	d11149785a01d3d142756a50667840d32e856473a2a1ca60368941b9d68b71b8	d11149785a01d3d142756a50667840d32e856473a2a1ca60368941b9d68b71b8	
UploadFiles/xwzx/2022/5/202205090806191493.JPG	UploadFiles/xwzx/2022/5/202205090806191493.JPG	2654386	75c187e29fc0c4f286c310455ea943cc2fe2ec3a054c149dd97f3e21339f4250	75c187e29fc0c4f286c310455ea943cc2fe2ec3a054c149dd97f3e21339f4250	
UploadFiles/xwzx/2022/5/202205090806551214.JPG	UploadFiles/xwzx/2022/5/202205090806551214.JPG	3885097	f6f529958e9c3c3c97926716cc18f4db537088a0c88200211cb1783a1a3bbb27	f6f529958e9c3c3c97926716cc18f4db537088a0c88200211cb1783a1a3bbb27	
UploadFiles/xwzx/2022/5/202205090806552085.jpg	UploadFiles/xwzx/2022/5/202205090806552085.jpg	4239490	0d3bea403b0e40e2b056443cdd3049a91ba5cf1e7890af52f5b0d1269c77d7c0	0d3bea403b0e40e2b056443cdd3049a91ba5cf1e7890af52f5b0d1269c77d7c0	
UploadFiles/xwzx/2022/5/202205090806556023.jpg	UploadFiles/xwzx/2022/5/202205090806556023.jpg	2642549	f6492516b755f016693f1557c0271f256f7186f73e5eb4cab3a0b36179b9284c	f6492516b755f016693f1557c0271f256f7186f73e5eb4cab3a0b36179b9284c	
UploadFiles/xwzx/2022/5/202205090806557049.JPG	UploadFiles/xwzx/2022/5/202205090806557049.JPG	1595372	d3bb2bc9a6dbb0723712e842d88a9f261ef66211053087aded6c85a8a45930b1	d3bb2bc9a6dbb0723712e842d88a9f261ef66211053087aded6c85a8a45930b1	
UploadFiles/xwzx/2022/5/202205090807491732.jpg	UploadFiles/xwzx/2022/5/202205090807491732.jpg	4319727	e83c44314d8f481db4270a2a9937ae0e7d96bec704736859eb2166d1238589d2	e83c44314d8f481db4270a2a9937ae0e7d96bec704736859eb2166d1238589d2	
UploadFiles/xwzx/2022/5/202205090807496371.jpg	UploadFiles/xwzx/2022/5/202205090807496371.jpg	2971148	db40278bef1ae478a85fb3bcb3f9f64e2742bc09903bbec582d45b35820f40dc	db40278bef1ae478a85fb3bcb3f9f64e2742bc09903bbec582d45b35820f40dc	
UploadFiles/xwzx/2022/5/202205090807499518.jpg	UploadFiles/xwzx/2022/5/202205090807499518.jpg	2992788	ba70517076a4599df8abbbe938715ea8c27ee41a05a4b5cc1a1ddd25a13e5cb3	ba70517076a4599df8abbbe938715ea8c27ee41a05a4b5cc1a1ddd25a13e5cb3	
UploadFiles/xwzx/2022/5/202205090808338099.jpg	UploadFiles/xwzx/2022/5/202205090808338099.jpg	893240	b15fac36826df27b0295977712b2878c0a989fb5d77f87def1a5703f7273f287	b15fac36826df27b0295977712b2878c0a989fb5d77f87def1a5703f7273f287	
UploadFiles/xwzx/2022/5/202205090809059248.jpg	UploadFiles/xwzx/2022/5/202205090809059248.jpg	3436914	ba46f31d352d540e725f483415baabb444c2f31f61d35a5c365b8027906a66d7	ba46f31d352d540e725f483415baabb444c2f31f61d35a5c365b8027906a66d7	
UploadFiles/xwzx/2022/5/202205090809069286.jpg	UploadFiles/xwzx/2022/5/202205090809069286.jpg	2849988	56baf89e6588b5e13461d6608b0f87ae4318a635d7288d45004ead0c09b07630	56baf89e6588b5e13461d6608b0f87ae4318a635d7288d45004ead0c09b07630	
UploadFiles/xwzx/2022/5/202205090809421911.jpg	UploadFiles/xwzx/2022/5/202205090809421911.jpg	2713945	52178d30d084fbab8758fb9a151598b17a83a0978edad2af0988f65b00b767b5	52178d30d084fbab8758fb9a151598b17a83a0978edad2af0988f65b00b767b5	
UploadFiles/xwzx/2022/5/202205090809429980.jpg	UploadFiles/xwzx/2022/5/202205090809429980.jpg	2502920	2fbefc34df73845f44f2d7c0e0de6f897b531b42e019bb25581433648cbab1d4	2fbefc34df73845f44f2d7c0e0de6f897b531b42e019bb25581433648cbab1d4	
UploadFiles/xwzx/2022/5/202205090809431577.jpg	UploadFiles/xwzx/2022/5/202205090809431577.jpg	3254817	b00fa3a9d633fbe081869de95f1bd8bef76e496390984058248f7e22b3c48de6	b00fa3a9d633fbe081869de95f1bd8bef76e496390984058248f7e22b3c48de6	
UploadFiles/xwzx/2022/5/202205090809434466.jpg	UploadFiles/xwzx/2022/5/202205090809434466.jpg	3941831	6a52deef6cabb9e301085b2f53070d02ecf22c3e97fd5008e12a5e67edb196a3	6a52deef6cabb9e301085b2f53070d02ecf22c3e97fd5008e12a5e67edb196a3	
UploadFiles/xwzx/2022/5/202205090810098857.jpg	UploadFiles/xwzx/2022/5/202205090810098857.jpg	3412368	a0dcfe525160a34f3e70ecb48cbf6a4d512f2fb27643af4f195eea8ca3bd34e6	a0dcfe525160a34f3e70ecb48cbf6a4d512f2fb27643af4f195eea8ca3bd34e6	
UploadFiles/xwzx/2022/5/202205090810098934.JPG	UploadFiles/xwzx/2022/5/202205090810098934.JPG	147549	e8ac5a933781894e2a9a25d6607d63b6eefcbc42b92a215bd79397e3e148b525	e8ac5a933781894e2a9a25d6607d63b6eefcbc42b92a215bd79397e3e148b525	
UploadFiles/xwzx/2022/5/202205101402492074.png	UploadFiles/xwzx/2022/5/202205101402492074.png	45583	83ee6f49a780973ae2de216a5b2668c54e83a387db845aedf7e5c318b3a97209	83ee6f49a780973ae2de216a5b2668c54e83a387db845aedf7e5c318b3a97209	
UploadFiles/xwzx/2022/5/202205101402540557.png	UploadFiles/xwzx/2022/5/202205101402540557.png	45142	00e2cd3a12a72c1a927b37ed5c49fcd83b229ea7d662e0fdba50f38203bb64b3	00e2cd3a12a72c1a927b37ed5c49fcd83b229ea7d662e0fdba50f38203bb64b3	
UploadFiles/xwzx/2022/5/202205101425001251.png	UploadFiles/xwzx/2022/5/202205101425001251.png	129866	10bfae8358822dc5a54d0f71acfe4fae44df4482fb66bd08fbabeee61e928031	10bfae8358822dc5a54d0f71acfe4fae44df4482fb66bd08fbabeee61e928031	
UploadFiles/xwzx/2022/5/202205110907083361.JPG	UploadFiles/xwzx/2022/5/202205110907083361.JPG	150711	a20704e73f9e79e11890a8702af1015c7c7e48c7cb4cf43360fab0fc3d243a4f	a20704e73f9e79e11890a8702af1015c7c7e48c7cb4cf43360fab0fc3d243a4f	
UploadFiles/xwzx/2022/5/202205110907083725.JPG	UploadFiles/xwzx/2022/5/202205110907083725.JPG	155706	c53e82e9e0cd78da01bdd8e2622b0e1cea3eadba9a63b6bff1b4269415bc2c71	c53e82e9e0cd78da01bdd8e2622b0e1cea3eadba9a63b6bff1b4269415bc2c71	
UploadFiles/xwzx/2022/5/202205110908577496.JPG	UploadFiles/xwzx/2022/5/202205110908577496.JPG	263598	80a9d76e9b688d0b723135d225be5bc8676e0bf15302e122e8ea361cc8ff6de3	80a9d76e9b688d0b723135d225be5bc8676e0bf15302e122e8ea361cc8ff6de3	
UploadFiles/xwzx/2022/5/202205110909252697.JPG	UploadFiles/xwzx/2022/5/202205110909252697.JPG	159942	fa8803c856ab179ac99b93aaacf02f8cd508d28bc25e3b4749cd865ab53079a7	fa8803c856ab179ac99b93aaacf02f8cd508d28bc25e3b4749cd865ab53079a7	
UploadFiles/xwzx/2022/5/202205110909552009.JPG	UploadFiles/xwzx/2022/5/202205110909552009.JPG	149378	03d08c86ebf95b621f9bebdadef41920c4e726efa49e96944f5449f939c69653	03d08c86ebf95b621f9bebdadef41920c4e726efa49e96944f5449f939c69653	
UploadFiles/xwzx/2022/5/202205120852569494.gif	UploadFiles/xwzx/2022/5/202205120852569494.gif	1005	96ae963c64e3bf7edd26f5e8d131f80d1444536dc7c69b6164d23e4db16a20d3	96ae963c64e3bf7edd26f5e8d131f80d1444536dc7c69b6164d23e4db16a20d3	
UploadFiles/xwzx/2022/5/202205121310055696.jpg	UploadFiles/xwzx/2022/5/202205121310055696.jpg	26847	0575ad861c36ffda250ad4503a075c65d0c8eb4b9ca634af8c2e3002bf868144	0575ad861c36ffda250ad4503a075c65d0c8eb4b9ca634af8c2e3002bf868144	
UploadFiles/xwzx/2022/5/202205140851474777.png	UploadFiles/xwzx/2022/5/202205140851474777.png	23070	553ff8abf839a2a6dd3978cfe8d6e697eb4e0458d6a120071db9703b927ea745	553ff8abf839a2a6dd3978cfe8d6e697eb4e0458d6a120071db9703b927ea745	
UploadFiles/xwzx/2022/5/202205141534171394.png	UploadFiles/xwzx/2022/5/202205141534171394.png	5856	0243777a972b49893bef53cf8f7190d2ce7cad1e646d44baa0e44f145b61e154	0243777a972b49893bef53cf8f7190d2ce7cad1e646d44baa0e44f145b61e154	
UploadFiles/xwzx/2022/5/202205160819457830.jpg	UploadFiles/xwzx/2022/5/202205160819457830.jpg	6046653	cd27ae7e9876fb51a9a6cf45eee9ba7c6c0e0f3419741bc291d00107d13fd9be	cd27ae7e9876fb51a9a6cf45eee9ba7c6c0e0f3419741bc291d00107d13fd9be	
UploadFiles/xwzx/2022/5/202205160819550524.jpg	UploadFiles/xwzx/2022/5/202205160819550524.jpg	8436735	1100ef650fec9f746fe69c1f40d4692be6c8038b40a841f79276f5b12507460c	1100ef650fec9f746fe69c1f40d4692be6c8038b40a841f79276f5b12507460c	
UploadFiles/xwzx/2022/5/202205160820217104.jpg	UploadFiles/xwzx/2022/5/202205160820217104.jpg	8293406	60877d378bda70de609a9add0a66604ce7027c6960100fdde65fa4f10d7d4fae	60877d378bda70de609a9add0a66604ce7027c6960100fdde65fa4f10d7d4fae	
UploadFiles/xwzx/2022/5/202205160820554080.jpg	UploadFiles/xwzx/2022/5/202205160820554080.jpg	8256300	ed0feb45ccb47a90594d0550968aea9cda794963f4a456860b0383e024211c40	ed0feb45ccb47a90594d0550968aea9cda794963f4a456860b0383e024211c40	
UploadFiles/xwzx/2022/5/202205160821339394.jpg	UploadFiles/xwzx/2022/5/202205160821339394.jpg	7535043	b7ac88bb295a6002166aac28672b550d9fdb460a0a492950ed06263202fe097b	b7ac88bb295a6002166aac28672b550d9fdb460a0a492950ed06263202fe097b	
UploadFiles/xwzx/2022/5/202205160826591688.JPG	UploadFiles/xwzx/2022/5/202205160826591688.JPG	6183030	c9e5694b3c32a861950385a6bc5db4f421c6edb84b38ae69274a055ed4b0700b	c9e5694b3c32a861950385a6bc5db4f421c6edb84b38ae69274a055ed4b0700b	
UploadFiles/xwzx/2022/5/202205160827276184.png	UploadFiles/xwzx/2022/5/202205160827276184.png	92859	898ebea70486bbca31816f543ab100abab9c51eba0e6bb7022bd29cb1ef8a2e3	898ebea70486bbca31816f543ab100abab9c51eba0e6bb7022bd29cb1ef8a2e3	
UploadFiles/xwzx/2022/5/202205160828174045.jpg	UploadFiles/xwzx/2022/5/202205160828174045.jpg	31136	78f76f7cf5ea0e5376397dd67f417c51f1b71dfe1202d83727501e4954b10d7c	78f76f7cf5ea0e5376397dd67f417c51f1b71dfe1202d83727501e4954b10d7c	
UploadFiles/xwzx/2022/5/202205160828240648.jpg	UploadFiles/xwzx/2022/5/202205160828240648.jpg	478629	8a212c7f7bde83abfab358c9f9a72fd3737c274b27a2317ac28c70e564b4f512	8a212c7f7bde83abfab358c9f9a72fd3737c274b27a2317ac28c70e564b4f512	
UploadFiles/xwzx/2022/5/202205160828246262.jpg	UploadFiles/xwzx/2022/5/202205160828246262.jpg	67438	2df6752c7f99cfd378d2c7dc0007bae0bd6806d08090b83f948eb0db2395576f	2df6752c7f99cfd378d2c7dc0007bae0bd6806d08090b83f948eb0db2395576f	
UploadFiles/xwzx/2022/5/202205160828256565.JPG	UploadFiles/xwzx/2022/5/202205160828256565.JPG	8229756	5efcae3269034182b80aed44e0a70ec69a9052a649d21add965d2a77635edfea	5efcae3269034182b80aed44e0a70ec69a9052a649d21add965d2a77635edfea	
UploadFiles/xwzx/2022/5/202205160828259620.jpg	UploadFiles/xwzx/2022/5/202205160828259620.jpg	211267	48574994c18cc69078e6ff4ab6601305d53864e3ebc976fce1b51499da93f3bb	48574994c18cc69078e6ff4ab6601305d53864e3ebc976fce1b51499da93f3bb	
UploadFiles/xwzx/2022/5/202205160828456390.jpg	UploadFiles/xwzx/2022/5/202205160828456390.jpg	1684998	3b93617d4998e753e7e5debb369443b62d3592f2ee425183a34385de5e3b22f1	3b93617d4998e753e7e5debb369443b62d3592f2ee425183a34385de5e3b22f1	
UploadFiles/xwzx/2022/5/202205160828459312.jpg	UploadFiles/xwzx/2022/5/202205160828459312.jpg	3838499	4226c5471c36dfc384c7b2e573d672f91ff3704aef65346d39103bafbd3db8fb	4226c5471c36dfc384c7b2e573d672f91ff3704aef65346d39103bafbd3db8fb	
UploadFiles/xwzx/2022/5/202205160829034196.jpg	UploadFiles/xwzx/2022/5/202205160829034196.jpg	514342	30f8fb6e78630ec9e4c96dbbe274621f690503cdc30ab1d1194bcc35d9d8830e	30f8fb6e78630ec9e4c96dbbe274621f690503cdc30ab1d1194bcc35d9d8830e	
UploadFiles/xwzx/2022/5/202205160829034346.JPG	UploadFiles/xwzx/2022/5/202205160829034346.JPG	3260740	4c2aa67742eff77e915decc87e40aba34655dc54ef6b55ef18eecf510884def9	4c2aa67742eff77e915decc87e40aba34655dc54ef6b55ef18eecf510884def9	
UploadFiles/xwzx/2022/5/202205160829297275.jpg	UploadFiles/xwzx/2022/5/202205160829297275.jpg	80241	a65a7d241aa57bb4635825bc82d7b906905270df091c21f844f083b4adb00653	a65a7d241aa57bb4635825bc82d7b906905270df091c21f844f083b4adb00653	
UploadFiles/xwzx/2022/5/202205161010343471.jpg	UploadFiles/xwzx/2022/5/202205161010343471.jpg	2194813	cace061fd297dd26f72dac2a0989a2eb6fff778e05a4074fe4d7f0e9272177fd	cace061fd297dd26f72dac2a0989a2eb6fff778e05a4074fe4d7f0e9272177fd	
UploadFiles/xwzx/2022/5/202205161010345427.jpg	UploadFiles/xwzx/2022/5/202205161010345427.jpg	2097232	ca5791b4741a530c53faa459297b9cddf93370c10dced58341af42d36a68ab14	ca5791b4741a530c53faa459297b9cddf93370c10dced58341af42d36a68ab14	
UploadFiles/xwzx/2022/5/202205161010461669.jpg	UploadFiles/xwzx/2022/5/202205161010461669.jpg	623470	acb6d1b836bbf235573f00e60aabf3b1e2cf21c42d4927fd9eaa9fe49f2f4946	acb6d1b836bbf235573f00e60aabf3b1e2cf21c42d4927fd9eaa9fe49f2f4946	
UploadFiles/xwzx/2022/5/202205161011004630.jpg	UploadFiles/xwzx/2022/5/202205161011004630.jpg	1671681	30464361f5146945ba35ff6478e6a277d86c3b908c8d8d24fd4e08423986bf98	30464361f5146945ba35ff6478e6a277d86c3b908c8d8d24fd4e08423986bf98	
UploadFiles/xwzx/2022/5/202205161011218773.png	UploadFiles/xwzx/2022/5/202205161011218773.png	264806	7fee2c2d8e3571226ff87419b07259301f73bbdc08c15cf8a8560d1cf1c4d3d2	7fee2c2d8e3571226ff87419b07259301f73bbdc08c15cf8a8560d1cf1c4d3d2	
UploadFiles/xwzx/2022/5/202205161630188009.jpg	UploadFiles/xwzx/2022/5/202205161630188009.jpg	37790	560cee8c71c8c042eff01f3d81e97404bc0ec5ae81cf395e16925e1f31779900	560cee8c71c8c042eff01f3d81e97404bc0ec5ae81cf395e16925e1f31779900	
UploadFiles/xwzx/2022/5/202205170838313321.jpg	UploadFiles/xwzx/2022/5/202205170838313321.jpg	2640674	825e28c8ce08060790d6b16a130a391eb8c05e0b855891fc71441beb6a8468ec	825e28c8ce08060790d6b16a130a391eb8c05e0b855891fc71441beb6a8468ec	
UploadFiles/xwzx/2022/5/202205180812429133.png	UploadFiles/xwzx/2022/5/202205180812429133.png	39972	4ecc6fd82052eeaa497791c44c760116622c281c60be5797e9d0030b13c7d2f5	4ecc6fd82052eeaa497791c44c760116622c281c60be5797e9d0030b13c7d2f5	
UploadFiles/xwzx/2022/5/202205181101168642.jpg	UploadFiles/xwzx/2022/5/202205181101168642.jpg	4351068	e2bf8639ce75e2e20cf1e280161d7648d6f2e73f4dc85a6872507a7b2d271fb3	e2bf8639ce75e2e20cf1e280161d7648d6f2e73f4dc85a6872507a7b2d271fb3	
UploadFiles/xwzx/2022/5/202205181101174301.jpg	UploadFiles/xwzx/2022/5/202205181101174301.jpg	3694710	3df0b3ef48f01cf06db56b3a938394935efbc0b08b8bfa86c885a25a7dab7e67	3df0b3ef48f01cf06db56b3a938394935efbc0b08b8bfa86c885a25a7dab7e67	
UploadFiles/xwzx/2022/5/202205181615164808.gif	UploadFiles/xwzx/2022/5/202205181615164808.gif	1007	163cc66ea50ed88a0477749b55dbe6b10fd3d1d183af23c0081b1e74f0b4df48	163cc66ea50ed88a0477749b55dbe6b10fd3d1d183af23c0081b1e74f0b4df48	
UploadFiles/xwzx/2022/5/202205181615169665.gif	UploadFiles/xwzx/2022/5/202205181615169665.gif	1012	62c86a7776611273707faece405890b74a8c521b17a73e339875d8aa4f9ca361	62c86a7776611273707faece405890b74a8c521b17a73e339875d8aa4f9ca361	
UploadFiles/xwzx/2022/5/202205190830402870.jpg	UploadFiles/xwzx/2022/5/202205190830402870.jpg	276566	79c51dabf1a0692ed5f03160ad2e3b5f39c8d4efd066320a32da5fc4e0821726	79c51dabf1a0692ed5f03160ad2e3b5f39c8d4efd066320a32da5fc4e0821726	
UploadFiles/xwzx/2022/5/202205190830420186.jpg	UploadFiles/xwzx/2022/5/202205190830420186.jpg	175447	0b173268ff37cc3dc5fb091cbbfc6ec27a4b9344abe83a629a0c9bc00104d18c	0b173268ff37cc3dc5fb091cbbfc6ec27a4b9344abe83a629a0c9bc00104d18c	
UploadFiles/xwzx/2022/5/202205190830456481.jpg	UploadFiles/xwzx/2022/5/202205190830456481.jpg	283646	d9da64c874195207e0729678d56873649d54908c2d7693985e601b3896bec568	d9da64c874195207e0729678d56873649d54908c2d7693985e601b3896bec568	
UploadFiles/xwzx/2022/5/202205190831531415.jpg	UploadFiles/xwzx/2022/5/202205190831531415.jpg	63454	8982c468926414af0846c8b837d766dffc4d6282d1a950688b2093848def3a5d	8982c468926414af0846c8b837d766dffc4d6282d1a950688b2093848def3a5d	
UploadFiles/xwzx/2022/5/202205190856344488.jpg	UploadFiles/xwzx/2022/5/202205190856344488.jpg	482084	2e929e38d41abdb5a6d90518d6c3caf4f19e220ac1666a3d9552e7b9779a8374	2e929e38d41abdb5a6d90518d6c3caf4f19e220ac1666a3d9552e7b9779a8374	
UploadFiles/xwzx/2022/5/202205190856364070.jpg	UploadFiles/xwzx/2022/5/202205190856364070.jpg	314639	4a61857903b2075c28c34c49a70d475048d06a2da3a0630ff4bf3434eaf9220c	4a61857903b2075c28c34c49a70d475048d06a2da3a0630ff4bf3434eaf9220c	
UploadFiles/xwzx/2022/5/202205190856396895.jpg	UploadFiles/xwzx/2022/5/202205190856396895.jpg	220464	4b86af230db2beb9a71be6024c2375acc0819cb857a0dcf2f17585044f38c700	4b86af230db2beb9a71be6024c2375acc0819cb857a0dcf2f17585044f38c700	
UploadFiles/xwzx/2022/5/202205190856422769.jpg	UploadFiles/xwzx/2022/5/202205190856422769.jpg	170085	8ec1f24fff313bd96ecbef3d8b667667b52303c3bc7765951540c70fc727fd93	8ec1f24fff313bd96ecbef3d8b667667b52303c3bc7765951540c70fc727fd93	
UploadFiles/xwzx/2022/5/202205190856442387.jpg	UploadFiles/xwzx/2022/5/202205190856442387.jpg	167464	9611709f3ab00cab3ba242d40da5baf521454719e60e61155f0e8494b53006dc	9611709f3ab00cab3ba242d40da5baf521454719e60e61155f0e8494b53006dc	
UploadFiles/xwzx/2022/5/202205190857297569.gif	UploadFiles/xwzx/2022/5/202205190857297569.gif	1007	163cc66ea50ed88a0477749b55dbe6b10fd3d1d183af23c0081b1e74f0b4df48	163cc66ea50ed88a0477749b55dbe6b10fd3d1d183af23c0081b1e74f0b4df48	
UploadFiles/xwzx/2022/5/202205190901028994.jpg	UploadFiles/xwzx/2022/5/202205190901028994.jpg	585118	7df8a191f442918835a80bb0d016ec10b8c7bf65e3382915e75d76a08fa7e6d4	7df8a191f442918835a80bb0d016ec10b8c7bf65e3382915e75d76a08fa7e6d4	
UploadFiles/xwzx/2022/5/202205190901059068.jpg	UploadFiles/xwzx/2022/5/202205190901059068.jpg	336912	bcf37a8044f255ce7d3b7fc25070e665810655b7dda9060f905bd5c70a7e580f	bcf37a8044f255ce7d3b7fc25070e665810655b7dda9060f905bd5c70a7e580f	
UploadFiles/xwzx/2022/5/202205190901083335.jpg	UploadFiles/xwzx/2022/5/202205190901083335.jpg	156325	61973e31bf03f9f991f058b4b47b231aaa11d932c9d8c3253260a973549ec386	61973e31bf03f9f991f058b4b47b231aaa11d932c9d8c3253260a973549ec386	
UploadFiles/xwzx/2022/5/202205190901483793.gif	UploadFiles/xwzx/2022/5/202205190901483793.gif	1007	163cc66ea50ed88a0477749b55dbe6b10fd3d1d183af23c0081b1e74f0b4df48	163cc66ea50ed88a0477749b55dbe6b10fd3d1d183af23c0081b1e74f0b4df48	
UploadFiles/xwzx/2022/5/202205190905594857.jpg	UploadFiles/xwzx/2022/5/202205190905594857.jpg	357551	899cf39fab74f56aa3ecb2616e17bab627b099f14321e1ad217e9077544b9fa6	899cf39fab74f56aa3ecb2616e17bab627b099f14321e1ad217e9077544b9fa6	
UploadFiles/xwzx/2022/5/202205190906018775.jpg	UploadFiles/xwzx/2022/5/202205190906018775.jpg	312995	4c688b027059913266588ca2610413b1b4cf4b11da38d6d8f8295bb77ea322c3	4c688b027059913266588ca2610413b1b4cf4b11da38d6d8f8295bb77ea322c3	
UploadFiles/xwzx/2022/5/202205190906042019.jpg	UploadFiles/xwzx/2022/5/202205190906042019.jpg	311546	5ca83933aadd5a6fb871d9ec539dda49c48127277caf61b063d6b0f830f07871	5ca83933aadd5a6fb871d9ec539dda49c48127277caf61b063d6b0f830f07871	
UploadFiles/xwzx/2022/5/202205190906063716.jpg	UploadFiles/xwzx/2022/5/202205190906063716.jpg	288451	ae847fbdb934e0f8d85bab1bcf0813437137e6cd3cc80ac59bb96214fe2cd6ed	ae847fbdb934e0f8d85bab1bcf0813437137e6cd3cc80ac59bb96214fe2cd6ed	
UploadFiles/xwzx/2022/5/202205190906451768.gif	UploadFiles/xwzx/2022/5/202205190906451768.gif	1007	163cc66ea50ed88a0477749b55dbe6b10fd3d1d183af23c0081b1e74f0b4df48	163cc66ea50ed88a0477749b55dbe6b10fd3d1d183af23c0081b1e74f0b4df48	
UploadFiles/xwzx/2022/5/202205190920360374.jpg	UploadFiles/xwzx/2022/5/202205190920360374.jpg	204928	ea654bee1654c63683a22f4b09b1637b7f1f6978cb2d5e22e854b25a83cd30d7	ea654bee1654c63683a22f4b09b1637b7f1f6978cb2d5e22e854b25a83cd30d7	
UploadFiles/xwzx/2022/5/202205190920390949.jpg	UploadFiles/xwzx/2022/5/202205190920390949.jpg	233545	f12126b2ad9acea395ce68cecee944bfd675ddb3ca7a055c78f2122d5da2c1d8	f12126b2ad9acea395ce68cecee944bfd675ddb3ca7a055c78f2122d5da2c1d8	
UploadFiles/xwzx/2022/5/202205190920415350.jpg	UploadFiles/xwzx/2022/5/202205190920415350.jpg	153200	cd9f43b9cce99eaacf28d5a2ce2df118466bedbde0377b557c35f05e75f90ddb	cd9f43b9cce99eaacf28d5a2ce2df118466bedbde0377b557c35f05e75f90ddb	
UploadFiles/xwzx/2022/5/202205190921343052.gif	UploadFiles/xwzx/2022/5/202205190921343052.gif	1007	163cc66ea50ed88a0477749b55dbe6b10fd3d1d183af23c0081b1e74f0b4df48	163cc66ea50ed88a0477749b55dbe6b10fd3d1d183af23c0081b1e74f0b4df48	
UploadFiles/xwzx/2022/5/202205191355413052.jpg	UploadFiles/xwzx/2022/5/202205191355413052.jpg	249121	04ba3d6a691a57d7b2ae3d769dbd45c63d5944f62205b53ac25e9ce83948ff44	04ba3d6a691a57d7b2ae3d769dbd45c63d5944f62205b53ac25e9ce83948ff44	
UploadFiles/xwzx/2022/5/202205191355445001.jpg	UploadFiles/xwzx/2022/5/202205191355445001.jpg	214233	4ec778ea6699201320e26e1440332bc9d4366ed6311f2a55f704e26042e20cc0	4ec778ea6699201320e26e1440332bc9d4366ed6311f2a55f704e26042e20cc0	
UploadFiles/xwzx/2022/5/202205191355460097.jpg	UploadFiles/xwzx/2022/5/202205191355460097.jpg	190403	2227f9461f537b16d0583cae40726ad8d232d743b8143dce238bb56b9e39d5e5	2227f9461f537b16d0583cae40726ad8d232d743b8143dce238bb56b9e39d5e5	
UploadFiles/xwzx/2022/5/202205191355500991.jpg	UploadFiles/xwzx/2022/5/202205191355500991.jpg	67919	c0fd044e84204c2aee58a4ce0204021e67da16e3e32619082c0d3ae1de711e5d	c0fd044e84204c2aee58a4ce0204021e67da16e3e32619082c0d3ae1de711e5d	
UploadFiles/xwzx/2022/5/202205191356553406.gif	UploadFiles/xwzx/2022/5/202205191356553406.gif	1007	163cc66ea50ed88a0477749b55dbe6b10fd3d1d183af23c0081b1e74f0b4df48	163cc66ea50ed88a0477749b55dbe6b10fd3d1d183af23c0081b1e74f0b4df48	
UploadFiles/xwzx/2022/5/202205191359099859.jpg	UploadFiles/xwzx/2022/5/202205191359099859.jpg	543138	8f81c24bb3bd31295325f4ea7822525feb2913413034b3c0ace3d29272eb3dfc	8f81c24bb3bd31295325f4ea7822525feb2913413034b3c0ace3d29272eb3dfc	
UploadFiles/xwzx/2022/5/202205191359127660.jpg	UploadFiles/xwzx/2022/5/202205191359127660.jpg	257902	891e7347d14b8abb8c29d69a2c6313806d6524baa44d3662a91487db8cfdf6eb	891e7347d14b8abb8c29d69a2c6313806d6524baa44d3662a91487db8cfdf6eb	
UploadFiles/xwzx/2022/5/202205191359145397.jpg	UploadFiles/xwzx/2022/5/202205191359145397.jpg	292654	71f3c715a6bd4b6825dd693bac29ce9570b6fd8908be47c56d763867973ab099	71f3c715a6bd4b6825dd693bac29ce9570b6fd8908be47c56d763867973ab099	
UploadFiles/xwzx/2022/5/202205191359164889.jpg	UploadFiles/xwzx/2022/5/202205191359164889.jpg	121995	97f7e758c9cdf7b7ace6882fb6ece548117164813ebc08f16ac71be5eb185d06	97f7e758c9cdf7b7ace6882fb6ece548117164813ebc08f16ac71be5eb185d06	
UploadFiles/xwzx/2022/5/202205191359598909.gif	UploadFiles/xwzx/2022/5/202205191359598909.gif	1007	163cc66ea50ed88a0477749b55dbe6b10fd3d1d183af23c0081b1e74f0b4df48	163cc66ea50ed88a0477749b55dbe6b10fd3d1d183af23c0081b1e74f0b4df48	
UploadFiles/xwzx/2022/5/202205191858244464.jpg	UploadFiles/xwzx/2022/5/202205191858244464.jpg	734365	b7b0d38b7e588a8963d7110f0c37f4bb2c85d292944a9aea95e76e33ba90ec18	b7b0d38b7e588a8963d7110f0c37f4bb2c85d292944a9aea95e76e33ba90ec18	
UploadFiles/xwzx/2022/5/202205201756229964.jpg	UploadFiles/xwzx/2022/5/202205201756229964.jpg	40377	36693dae4bb8f095e4e10922a6a09d90f3455823b12ff221c3ad146a3ba6fd6d	36693dae4bb8f095e4e10922a6a09d90f3455823b12ff221c3ad146a3ba6fd6d	
UploadFiles/xwzx/2022/5/202205231536302233.jpg	UploadFiles/xwzx/2022/5/202205231536302233.jpg	544551	d7a8221bfea376bcd173ef3b447e7df1fd07f05b6dacffe892a19bd0af5ea1fc	d7a8221bfea376bcd173ef3b447e7df1fd07f05b6dacffe892a19bd0af5ea1fc	
UploadFiles/xwzx/2022/5/202205231536323265.jpg	UploadFiles/xwzx/2022/5/202205231536323265.jpg	2365640	db22c75edf548675ecf64c960c8e1ea0ba4bf3656b2150b2a83944285ebb40ca	db22c75edf548675ecf64c960c8e1ea0ba4bf3656b2150b2a83944285ebb40ca	
UploadFiles/xwzx/2022/5/202205231536372335.jpg	UploadFiles/xwzx/2022/5/202205231536372335.jpg	8960371	dec272abb377a7727e44813a7b877179b9fd1714a6aceca4b085f4645ab03fb5	dec272abb377a7727e44813a7b877179b9fd1714a6aceca4b085f4645ab03fb5	
UploadFiles/xwzx/2022/5/202205231536418660.jpg	UploadFiles/xwzx/2022/5/202205231536418660.jpg	74103	84cedcfe4483a5ba379d7b559751c95671ad3faa341c8709b5cc2d72d287dee9	84cedcfe4483a5ba379d7b559751c95671ad3faa341c8709b5cc2d72d287dee9	
UploadFiles/xwzx/2022/5/202205231536441272.jpg	UploadFiles/xwzx/2022/5/202205231536441272.jpg	1291583	3ac06a14d42a9998519a593c486dfc84d80533a21a440cd8b8dec0f38ab8a194	3ac06a14d42a9998519a593c486dfc84d80533a21a440cd8b8dec0f38ab8a194	
UploadFiles/xwzx/2022/5/202205231536446384.jpg	UploadFiles/xwzx/2022/5/202205231536446384.jpg	1306921	eff9fcc08c98b7fe506eb44edc3527329b999669feac65721aea0602e5dcf575	eff9fcc08c98b7fe506eb44edc3527329b999669feac65721aea0602e5dcf575	
UploadFiles/xwzx/2022/5/202205231536449261.jpg	UploadFiles/xwzx/2022/5/202205231536449261.jpg	300099	6ed318d85de9947a11e3d03aa7c3777dd31985f8bb05439ef6ac64d369bc331e	6ed318d85de9947a11e3d03aa7c3777dd31985f8bb05439ef6ac64d369bc331e	
UploadFiles/xwzx/2022/5/202205231536451131.jpg	UploadFiles/xwzx/2022/5/202205231536451131.jpg	2174562	40b9948ba60f9cf597c0205d2a29205316d486e3657069bc6d320b27947201c2	40b9948ba60f9cf597c0205d2a29205316d486e3657069bc6d320b27947201c2	
UploadFiles/xwzx/2022/5/202205231538495570.jpg	UploadFiles/xwzx/2022/5/202205231538495570.jpg	25609	510312621d097446271f6e743cb0e4fbc39f7bf65cf3bd41b739a0e6987ebdae	510312621d097446271f6e743cb0e4fbc39f7bf65cf3bd41b739a0e6987ebdae	
UploadFiles/xwzx/2022/5/202205231538528984.png	UploadFiles/xwzx/2022/5/202205231538528984.png	934515	8535ffde603618ffb1f67356f485f4c064ab5da70725130ae4224cda0c99ef31	8535ffde603618ffb1f67356f485f4c064ab5da70725130ae4224cda0c99ef31	
UploadFiles/xwzx/2022/5/202205231538535849.png	UploadFiles/xwzx/2022/5/202205231538535849.png	1178991	feed02fc83a750af5c1b4a4ec62a99f0799ff359ee94f502d520ff6c3388b494	feed02fc83a750af5c1b4a4ec62a99f0799ff359ee94f502d520ff6c3388b494	
UploadFiles/xwzx/2022/5/202205231538537565.png	UploadFiles/xwzx/2022/5/202205231538537565.png	1269563	998da66cf29a4d512c8eccd68a2e3884cb3a4741d8aef26275f1a08f8458243c	998da66cf29a4d512c8eccd68a2e3884cb3a4741d8aef26275f1a08f8458243c	
UploadFiles/xwzx/2022/5/202205231538584165.png	UploadFiles/xwzx/2022/5/202205231538584165.png	5410546	e83537479d530aff1695c6a0c9191d7cceaac7779125fc0390327533b10a6b7a	e83537479d530aff1695c6a0c9191d7cceaac7779125fc0390327533b10a6b7a	
UploadFiles/xwzx/2022/5/202205231538594091.JPG	UploadFiles/xwzx/2022/5/202205231538594091.JPG	4075064	82261c0f649e4a4afa16f70ad03d42b4768c7c14dec4ba36875b1d480efbe980	82261c0f649e4a4afa16f70ad03d42b4768c7c14dec4ba36875b1d480efbe980	
UploadFiles/xwzx/2022/5/202205231540482013.jpg	UploadFiles/xwzx/2022/5/202205231540482013.jpg	3711529	fa43177366ad2cd3dc8b0be7b5801d21b1a2e8f0820f653e4f17f9ffcd4d1ccb	fa43177366ad2cd3dc8b0be7b5801d21b1a2e8f0820f653e4f17f9ffcd4d1ccb	
UploadFiles/xwzx/2022/5/202205261012165808.png	UploadFiles/xwzx/2022/5/202205261012165808.png	40441	1a265bfa1c531f5ef7c6008f48f1fa3d7591dbaca2cb4ecebb337b8136e03e5e	1a265bfa1c531f5ef7c6008f48f1fa3d7591dbaca2cb4ecebb337b8136e03e5e	
UploadFiles/xwzx/2022/5/202205271132009653.jpeg	UploadFiles/xwzx/2022/5/202205271132009653.jpeg	36260	67348b6e90e3f208b97d9f8a96a47797733b89b33138f5401a6e11455918653c	67348b6e90e3f208b97d9f8a96a47797733b89b33138f5401a6e11455918653c	
UploadFiles/xwzx/2022/5/202205271132011168.jpg	UploadFiles/xwzx/2022/5/202205271132011168.jpg	485273	eec6ac81a4b07fbaa0344eac8bf6ba73134a1f9049c16055bb580268c9dcd723	eec6ac81a4b07fbaa0344eac8bf6ba73134a1f9049c16055bb580268c9dcd723	
UploadFiles/xwzx/2022/5/202205271132015602.png	UploadFiles/xwzx/2022/5/202205271132015602.png	66677	1a8c5d139dedc4cd847551ff048fa39f750ea09ab6cc0cf0d0089a261201ac58	1a8c5d139dedc4cd847551ff048fa39f750ea09ab6cc0cf0d0089a261201ac58	
UploadFiles/xwzx/2022/5/202205271132019382.jpg	UploadFiles/xwzx/2022/5/202205271132019382.jpg	161877	775295ccb9f98eba6b4a112bc8d1d1d1faf14c61dfa0c7867bf6619b6805bb6b	775295ccb9f98eba6b4a112bc8d1d1d1faf14c61dfa0c7867bf6619b6805bb6b	
UploadFiles/xwzx/2022/5/202205271821239889.gif	UploadFiles/xwzx/2022/5/202205271821239889.gif	1005	96ae963c64e3bf7edd26f5e8d131f80d1444536dc7c69b6164d23e4db16a20d3	96ae963c64e3bf7edd26f5e8d131f80d1444536dc7c69b6164d23e4db16a20d3	
UploadFiles/xwzx/2022/5/202205281018355520.png	UploadFiles/xwzx/2022/5/202205281018355520.png	246604	aceb4eaabe8012611f771d6bb45665190aa8de77cd2321f5969b4c87c0eb9ae6	aceb4eaabe8012611f771d6bb45665190aa8de77cd2321f5969b4c87c0eb9ae6	
UploadFiles/xwzx/2022/5/202205300837524676.png	UploadFiles/xwzx/2022/5/202205300837524676.png	166556	7c955679f3e4ad604c1fc23c649454eb1ca0bd84ec01dda752740cbc96195945	7c955679f3e4ad604c1fc23c649454eb1ca0bd84ec01dda752740cbc96195945	
UploadFiles/xwzx/2022/5/202205300837524929.png	UploadFiles/xwzx/2022/5/202205300837524929.png	165435	c94c6048ba259edbc37b7d9347827caa83a45d05bd6c7e2bb17a902bdde2c70f	c94c6048ba259edbc37b7d9347827caa83a45d05bd6c7e2bb17a902bdde2c70f	
UploadFiles/xwzx/2022/5/202205300837525602.png	UploadFiles/xwzx/2022/5/202205300837525602.png	163366	c4027b6717046e965a84eac7a05a639e403d39fe5e977bad1d75f2f2b2e49806	c4027b6717046e965a84eac7a05a639e403d39fe5e977bad1d75f2f2b2e49806	
UploadFiles/xwzx/2022/5/202205300837526059.png	UploadFiles/xwzx/2022/5/202205300837526059.png	158648	e8f49961c620911ad15003baa10fe3a86db6f905c65dfd6e9574664c60ca57a7	e8f49961c620911ad15003baa10fe3a86db6f905c65dfd6e9574664c60ca57a7	
UploadFiles/xwzx/2022/5/202205300838484590.png	UploadFiles/xwzx/2022/5/202205300838484590.png	1751323	9d421c71155201c7e6e3520df065af7ca1e37e7690069251997c0bcbe9f77994	9d421c71155201c7e6e3520df065af7ca1e37e7690069251997c0bcbe9f77994	
UploadFiles/xwzx/2022/5/202205300841410275.jpg	UploadFiles/xwzx/2022/5/202205300841410275.jpg	1485454	ffbd738642f3f1466c222fd817553ef7e8416d353b1e84733f5ed2f7808e64b3	ffbd738642f3f1466c222fd817553ef7e8416d353b1e84733f5ed2f7808e64b3	
UploadFiles/xwzx/2022/5/202205300841415340.jpg	UploadFiles/xwzx/2022/5/202205300841415340.jpg	1357651	bf84d8487e6891da117f655f4416711a78fea736e2d0355be2cc00870ff01635	bf84d8487e6891da117f655f4416711a78fea736e2d0355be2cc00870ff01635	
UploadFiles/xwzx/2022/5/202205300841565082.jpg	UploadFiles/xwzx/2022/5/202205300841565082.jpg	331133	785f44b52ace34778e92fa6c92bcc372a97133fbdcbe9554407088b9f8f59906	785f44b52ace34778e92fa6c92bcc372a97133fbdcbe9554407088b9f8f59906	
UploadFiles/xwzx/2022/5/202205300841567909.jpg	UploadFiles/xwzx/2022/5/202205300841567909.jpg	344419	e464e7cd6208d1eb53d13c663f72bc0dd55dcb99aac6825c35d7264bd6ad9361	e464e7cd6208d1eb53d13c663f72bc0dd55dcb99aac6825c35d7264bd6ad9361	
UploadFiles/xwzx/2022/5/202205300842155177.png	UploadFiles/xwzx/2022/5/202205300842155177.png	47501	15dfc00de33a3c7cbd3b496a18e569fec0fbd0c98b5fe9e46598fa6a579eb3d3	15dfc00de33a3c7cbd3b496a18e569fec0fbd0c98b5fe9e46598fa6a579eb3d3	
UploadFiles/xwzx/2022/5/202205300842157122.jpg	UploadFiles/xwzx/2022/5/202205300842157122.jpg	61085	4e367e9de7c85b3fa752f94dcf0847d24a83f72b0b38ca70a81d3fd93cb487d1	4e367e9de7c85b3fa752f94dcf0847d24a83f72b0b38ca70a81d3fd93cb487d1	
UploadFiles/xwzx/2022/5/202205300842157660.png	UploadFiles/xwzx/2022/5/202205300842157660.png	1898595	6737739b890153f0f3448ffc8f6f492780ee415671f6ed853675c3d05e1efe6f	6737739b890153f0f3448ffc8f6f492780ee415671f6ed853675c3d05e1efe6f	
UploadFiles/xwzx/2022/5/202205300842159751.JPG	UploadFiles/xwzx/2022/5/202205300842159751.JPG	291096	4bebe45e59a110fb7641b8ca4326f8f3aacb3f9c9151048984ac698de0ec62b9	4bebe45e59a110fb7641b8ca4326f8f3aacb3f9c9151048984ac698de0ec62b9	
UploadFiles/xwzx/2022/5/202205300842163243.jpg	UploadFiles/xwzx/2022/5/202205300842163243.jpg	2050358	a7a9ae2b557daba411c6e583c7f991b317cedd89c80594d54337f9711576a667	a7a9ae2b557daba411c6e583c7f991b317cedd89c80594d54337f9711576a667	
UploadFiles/xwzx/2022/5/202205300842224541.jpg	UploadFiles/xwzx/2022/5/202205300842224541.jpg	6710043	0bacce8ef469ead6c2e9363d4d9a91e665342ad5201da9d921dbc1bb32548352	0bacce8ef469ead6c2e9363d4d9a91e665342ad5201da9d921dbc1bb32548352	
UploadFiles/xwzx/2022/5/202205300842409800.jpg	UploadFiles/xwzx/2022/5/202205300842409800.jpg	2048864	988dc7ea68ac82e23021ed28b8aaf5654e828df7c3c56ec08a242f5f9912fd48	988dc7ea68ac82e23021ed28b8aaf5654e828df7c3c56ec08a242f5f9912fd48	
UploadFiles/xwzx/2022/5/202205300842436165.jpg	UploadFiles/xwzx/2022/5/202205300842436165.jpg	4437985	d52c9fa6c7c2ae40ff1bedcfb9f24856ea69dc34df8fd821c811d59125cf0106	d52c9fa6c7c2ae40ff1bedcfb9f24856ea69dc34df8fd821c811d59125cf0106	
UploadFiles/xwzx/2022/5/202205300842563796.jpg	UploadFiles/xwzx/2022/5/202205300842563796.jpg	70865	7f0b402ea0137d0a6e5e49de1d10df56579a16901aea33326d0683a4fab136b4	7f0b402ea0137d0a6e5e49de1d10df56579a16901aea33326d0683a4fab136b4	
UploadFiles/xwzx/2022/5/202205300842567552.jpg	UploadFiles/xwzx/2022/5/202205300842567552.jpg	387907	5a80285f484038c552fd59fa9788e4fa28e6126fc21b6612a07fcde347b5aaf5	5a80285f484038c552fd59fa9788e4fa28e6126fc21b6612a07fcde347b5aaf5	
UploadFiles/xwzx/2022/5/202205301103338720.png	UploadFiles/xwzx/2022/5/202205301103338720.png	23687	e57cfbfd81e647364ac15583c7faf35f33d3ca363a6e426ef7a418e4f483fabd	e57cfbfd81e647364ac15583c7faf35f33d3ca363a6e426ef7a418e4f483fabd	
UploadFiles/xwzx/2022/5/202205311627390812.jpg	UploadFiles/xwzx/2022/5/202205311627390812.jpg	3355002	27717ec7230b41a5498186f02426c48d83f98746ad8314342b3e4b96fb2ec8a7	27717ec7230b41a5498186f02426c48d83f98746ad8314342b3e4b96fb2ec8a7	
UploadFiles/xwzx/2022/6/202206010741091540.png	UploadFiles/xwzx/2022/6/202206010741091540.png	118916	835661a074f3d2d47e0f9118703befcefe9c22d460a8b18038d0d8a63617c97e	835661a074f3d2d47e0f9118703befcefe9c22d460a8b18038d0d8a63617c97e	
UploadFiles/xwzx/2022/6/202206010804516294.jpg	UploadFiles/xwzx/2022/6/202206010804516294.jpg	158667	4f368c262bed53497707bf2ef1edb96d8a79cb846894178532f84b8471b05ff3	4f368c262bed53497707bf2ef1edb96d8a79cb846894178532f84b8471b05ff3	
UploadFiles/xwzx/2022/6/202206010804528442.jpg	UploadFiles/xwzx/2022/6/202206010804528442.jpg	153618	548459c2324105fee506ea5d794255a8efe150726100f9c35b6a56927d528de8	548459c2324105fee506ea5d794255a8efe150726100f9c35b6a56927d528de8	
UploadFiles/xwzx/2022/6/202206010804574892.jpg	UploadFiles/xwzx/2022/6/202206010804574892.jpg	7768133	49e2bf77b177465f526c5837e1f3b227ab126c3000002dbba6fbee00e566768f	49e2bf77b177465f526c5837e1f3b227ab126c3000002dbba6fbee00e566768f	
UploadFiles/xwzx/2022/6/202206010805007467.jpg	UploadFiles/xwzx/2022/6/202206010805007467.jpg	4498789	65fbef99607c51c2e3ab6633fe7fafc6fe97079b687112edfd8a14a8ba18daed	65fbef99607c51c2e3ab6633fe7fafc6fe97079b687112edfd8a14a8ba18daed	
UploadFiles/xwzx/2022/6/202206010805057212.jpg	UploadFiles/xwzx/2022/6/202206010805057212.jpg	8996386	60f8b9ea155ff264dbf8c6248d07b18594c6ea48b2a2d6e71b78be2c55ab3c3e	60f8b9ea155ff264dbf8c6248d07b18594c6ea48b2a2d6e71b78be2c55ab3c3e	
UploadFiles/xwzx/2022/6/202206010805070796.jpg	UploadFiles/xwzx/2022/6/202206010805070796.jpg	1750581	ab3a7f34addba51bf9a2d8f9586329a5c66992a4638783f9696cf5446f70c09b	ab3a7f34addba51bf9a2d8f9586329a5c66992a4638783f9696cf5446f70c09b	
UploadFiles/xwzx/2022/6/202206010805078510.jpg	UploadFiles/xwzx/2022/6/202206010805078510.jpg	9758698	8b5738e18f73a7644556fb9b9f22b7e4fd0b5e43906a5c3d0516667b33b4cd4c	8b5738e18f73a7644556fb9b9f22b7e4fd0b5e43906a5c3d0516667b33b4cd4c	
UploadFiles/xwzx/2022/6/202206010805090846.jpg	UploadFiles/xwzx/2022/6/202206010805090846.jpg	2105735	3fdc4434bb751ccc87cc93bb958679a7d79ac704cfc8c2080adca33eef2681dc	3fdc4434bb751ccc87cc93bb958679a7d79ac704cfc8c2080adca33eef2681dc	
UploadFiles/xwzx/2022/6/202206010805096356.jpg	UploadFiles/xwzx/2022/6/202206010805096356.jpg	2086341	a9d1940305861f19b1fb15915a7760f1c01c553d62d0ce337d5554ed0686d6a1	a9d1940305861f19b1fb15915a7760f1c01c553d62d0ce337d5554ed0686d6a1	
UploadFiles/xwzx/2022/6/202206011448172952.gif	UploadFiles/xwzx/2022/6/202206011448172952.gif	1005	96ae963c64e3bf7edd26f5e8d131f80d1444536dc7c69b6164d23e4db16a20d3	96ae963c64e3bf7edd26f5e8d131f80d1444536dc7c69b6164d23e4db16a20d3	
UploadFiles/xwzx/2022/6/202206011448177045.gif	UploadFiles/xwzx/2022/6/202206011448177045.gif	1012	62c86a7776611273707faece405890b74a8c521b17a73e339875d8aa4f9ca361	62c86a7776611273707faece405890b74a8c521b17a73e339875d8aa4f9ca361	
UploadFiles/xwzx/2022/6/202206021355345022.gif	UploadFiles/xwzx/2022/6/202206021355345022.gif	1012	62c86a7776611273707faece405890b74a8c521b17a73e339875d8aa4f9ca361	62c86a7776611273707faece405890b74a8c521b17a73e339875d8aa4f9ca361	
UploadFiles/xwzx/2022/6/202206021439141537.gif	UploadFiles/xwzx/2022/6/202206021439141537.gif	1005	96ae963c64e3bf7edd26f5e8d131f80d1444536dc7c69b6164d23e4db16a20d3	96ae963c64e3bf7edd26f5e8d131f80d1444536dc7c69b6164d23e4db16a20d3	
UploadFiles/xwzx/2022/6/202206041246138615.jpg	UploadFiles/xwzx/2022/6/202206041246138615.jpg	456496	e51be113fe3feac51c7f3540bbb4eac9e1c18f2a9c9fde2b104da620e558ec6d	e51be113fe3feac51c7f3540bbb4eac9e1c18f2a9c9fde2b104da620e558ec6d	
UploadFiles/xwzx/2022/6/202206041246187683.jpg	UploadFiles/xwzx/2022/6/202206041246187683.jpg	173916	8cda5c10f58a24312104202a694566a0267aec18034de3b7b74a7805eea9e814	8cda5c10f58a24312104202a694566a0267aec18034de3b7b74a7805eea9e814	
UploadFiles/xwzx/2022/6/202206041247560263.gif	UploadFiles/xwzx/2022/6/202206041247560263.gif	1007	163cc66ea50ed88a0477749b55dbe6b10fd3d1d183af23c0081b1e74f0b4df48	163cc66ea50ed88a0477749b55dbe6b10fd3d1d183af23c0081b1e74f0b4df48	
UploadFiles/xwzx/2022/6/202206041610498124.jpg	UploadFiles/xwzx/2022/6/202206041610498124.jpg	141565	1c2df3332f0946ce3e44d7c60a45659439d7a382a025a812265d5b01c904d9b3	1c2df3332f0946ce3e44d7c60a45659439d7a382a025a812265d5b01c904d9b3	
UploadFiles/xwzx/2022/6/202206041610529174.jpg	UploadFiles/xwzx/2022/6/202206041610529174.jpg	189795	3c6cdefbff0a98bdebcd57feebcb2c83582de983129c5921541978a53863ccca	3c6cdefbff0a98bdebcd57feebcb2c83582de983129c5921541978a53863ccca	
UploadFiles/xwzx/2022/6/202206041610549666.jpg	UploadFiles/xwzx/2022/6/202206041610549666.jpg	210068	f7128d343cdf443aa182490507f2b71865d5c5962eb2bb630c3bae53ca1d831e	f7128d343cdf443aa182490507f2b71865d5c5962eb2bb630c3bae53ca1d831e	
UploadFiles/xwzx/2022/6/202206041610575437.jpg	UploadFiles/xwzx/2022/6/202206041610575437.jpg	218051	5951f9d8c92a95b1c7adf2951b1f995aa8e49372350c8fc6c4402e1871688d1f	5951f9d8c92a95b1c7adf2951b1f995aa8e49372350c8fc6c4402e1871688d1f	
UploadFiles/xwzx/2022/6/202206041610598037.jpg	UploadFiles/xwzx/2022/6/202206041610598037.jpg	227713	246224427beebc6978175c02dde7328e8865b368879d1418d74f7e7c7919a3be	246224427beebc6978175c02dde7328e8865b368879d1418d74f7e7c7919a3be	
UploadFiles/xwzx/2022/6/202206041611035158.jpg	UploadFiles/xwzx/2022/6/202206041611035158.jpg	203699	ab7bd6398517edcd631ee97c82c49b8e8f8cbbcf732db6925958a5bb638f556d	ab7bd6398517edcd631ee97c82c49b8e8f8cbbcf732db6925958a5bb638f556d	
UploadFiles/xwzx/2022/6/202206041611066025.jpg	UploadFiles/xwzx/2022/6/202206041611066025.jpg	244380	c0b8968ec56b4ac3830640dcaee2e5c10eff0bd802847a4a3d4f75a2f31ab85c	c0b8968ec56b4ac3830640dcaee2e5c10eff0bd802847a4a3d4f75a2f31ab85c	
UploadFiles/xwzx/2022/6/202206041611106834.jpg	UploadFiles/xwzx/2022/6/202206041611106834.jpg	273418	fb1770844f70d3075fa43c925962c8d14d59ed4b7e725264bbe0c3aae3099193	fb1770844f70d3075fa43c925962c8d14d59ed4b7e725264bbe0c3aae3099193	
UploadFiles/xwzx/2022/6/202206041611135277.jpg	UploadFiles/xwzx/2022/6/202206041611135277.jpg	231351	e8d04659f34f247ebc48d35c8275249290226338d5f4aeab89a17d70c14c0cc2	e8d04659f34f247ebc48d35c8275249290226338d5f4aeab89a17d70c14c0cc2	
UploadFiles/xwzx/2022/6/202206041612018620.gif	UploadFiles/xwzx/2022/6/202206041612018620.gif	1012	62c86a7776611273707faece405890b74a8c521b17a73e339875d8aa4f9ca361	62c86a7776611273707faece405890b74a8c521b17a73e339875d8aa4f9ca361	
UploadFiles/xwzx/2022/6/202206050825000030.png	UploadFiles/xwzx/2022/6/202206050825000030.png	1452525	f2240163e6985cb60b9b35b6752ee8bb6a2e5bf38dba166f0d21f4769a7bb024	f2240163e6985cb60b9b35b6752ee8bb6a2e5bf38dba166f0d21f4769a7bb024	
UploadFiles/xwzx/2022/6/202206050825025509.png	UploadFiles/xwzx/2022/6/202206050825025509.png	1679853	25a9eefcd35f6147845fd2954a9ab3b26175faf90351ecd9e5b8b143c68b9cad	25a9eefcd35f6147845fd2954a9ab3b26175faf90351ecd9e5b8b143c68b9cad	
UploadFiles/xwzx/2022/6/202206050825032261.png	UploadFiles/xwzx/2022/6/202206050825032261.png	1676193	3a1c49ff188440df452b9b395b14231413df8ddf0321b7065edf60fd99aadbb2	3a1c49ff188440df452b9b395b14231413df8ddf0321b7065edf60fd99aadbb2	
UploadFiles/xwzx/2022/6/202206050825034589.png	UploadFiles/xwzx/2022/6/202206050825034589.png	1535621	40c1743f56559384ce2d534b31ea7bd58567040a0eb4eb64184927cb8f96b403	40c1743f56559384ce2d534b31ea7bd58567040a0eb4eb64184927cb8f96b403	
UploadFiles/xwzx/2022/6/202206050825062439.png	UploadFiles/xwzx/2022/6/202206050825062439.png	1575456	7e390efd1358fb55223fc8b81f038f2be5d0b06ad19cbeec9041471c1327eade	7e390efd1358fb55223fc8b81f038f2be5d0b06ad19cbeec9041471c1327eade	
UploadFiles/xwzx/2022/6/202206050825068529.png	UploadFiles/xwzx/2022/6/202206050825068529.png	1816726	61c9c4119822063ec7acefaeda45297b5ec9e96100b9ee69c1b09ed0ed517b68	61c9c4119822063ec7acefaeda45297b5ec9e96100b9ee69c1b09ed0ed517b68	
UploadFiles/xwzx/2022/6/202206050825079835.png	UploadFiles/xwzx/2022/6/202206050825079835.png	1419662	8016a1c2972425c609a204f89bef67f9016ec6f9a79235796e5e8fe650a897f8	8016a1c2972425c609a204f89bef67f9016ec6f9a79235796e5e8fe650a897f8	
UploadFiles/xwzx/2022/6/202206110751372352.jpg	UploadFiles/xwzx/2022/6/202206110751372352.jpg	30620	13abb2b3d271c4a8a59b7fc5977d27e1fe4d4ac6d0027b5b0a11632a98786292	13abb2b3d271c4a8a59b7fc5977d27e1fe4d4ac6d0027b5b0a11632a98786292	
UploadFiles/xwzx/2022/6/202206110912281326.gif	UploadFiles/xwzx/2022/6/202206110912281326.gif	1005	96ae963c64e3bf7edd26f5e8d131f80d1444536dc7c69b6164d23e4db16a20d3	96ae963c64e3bf7edd26f5e8d131f80d1444536dc7c69b6164d23e4db16a20d3	
UploadFiles/xwzx/2022/6/202206110912288106.gif	UploadFiles/xwzx/2022/6/202206110912288106.gif	1012	62c86a7776611273707faece405890b74a8c521b17a73e339875d8aa4f9ca361	62c86a7776611273707faece405890b74a8c521b17a73e339875d8aa4f9ca361	
UploadFiles/xwzx/2022/6/202206171244559876.jpg	UploadFiles/xwzx/2022/6/202206171244559876.jpg	2155481	0e14604e83712c5f53ee47ad2de8b89b3567a41157b85e7f8b6742e0278e634e	0e14604e83712c5f53ee47ad2de8b89b3567a41157b85e7f8b6742e0278e634e	
UploadFiles/xwzx/2022/6/202206171244580492.JPG	UploadFiles/xwzx/2022/6/202206171244580492.JPG	12550144	9f1d1fc03cd6f59fed10b6f2d10d90878972787691225bdad8ed38f1d53ca025	9f1d1fc03cd6f59fed10b6f2d10d90878972787691225bdad8ed38f1d53ca025	
UploadFiles/xwzx/2022/6/202206171245164948.jpg	UploadFiles/xwzx/2022/6/202206171245164948.jpg	2050358	a7a9ae2b557daba411c6e583c7f991b317cedd89c80594d54337f9711576a667	a7a9ae2b557daba411c6e583c7f991b317cedd89c80594d54337f9711576a667	
UploadFiles/xwzx/2022/6/202206171245174826.jpg	UploadFiles/xwzx/2022/6/202206171245174826.jpg	8837841	d49e65514253c88f1738c317c7364bca1c0ab0dc46f70fe00adf388221eb4795	d49e65514253c88f1738c317c7364bca1c0ab0dc46f70fe00adf388221eb4795	
UploadFiles/xwzx/2022/6/202206171245305052.JPG	UploadFiles/xwzx/2022/6/202206171245305052.JPG	1649749	5a08d3b19129b0c078b8d93abb84ce34e947710bc34ee20aecf9e077c115926d	5a08d3b19129b0c078b8d93abb84ce34e947710bc34ee20aecf9e077c115926d	
UploadFiles/xwzx/2022/6/202206171245444048.jpg	UploadFiles/xwzx/2022/6/202206171245444048.jpg	252960	6e5e12b4746d5705a8c75539b239debc7d06c8314b1e7b62976391ef55de09e3	6e5e12b4746d5705a8c75539b239debc7d06c8314b1e7b62976391ef55de09e3	
UploadFiles/xwzx/2022/6/202206171245455209.JPG	UploadFiles/xwzx/2022/6/202206171245455209.JPG	6961310	a0e31d825086e84a2ef0d82eb93f8423f4459c2fbbfa0b735faace9301b7f7c4	a0e31d825086e84a2ef0d82eb93f8423f4459c2fbbfa0b735faace9301b7f7c4	
UploadFiles/xwzx/2022/6/202206171246031721.jpg	UploadFiles/xwzx/2022/6/202206171246031721.jpg	961187	c76613f0cd38c002e1891bf59212454230ad2e57b6a1f895215072c1733fbf3d	c76613f0cd38c002e1891bf59212454230ad2e57b6a1f895215072c1733fbf3d	
UploadFiles/xwzx/2022/6/202206171246057200.JPG	UploadFiles/xwzx/2022/6/202206171246057200.JPG	5150581	44de99845a1d0b4405e194358513d79ddd89c3fa4c311262633bc12cf9df0642	44de99845a1d0b4405e194358513d79ddd89c3fa4c311262633bc12cf9df0642	
UploadFiles/xwzx/2022/6/202206171246171486.jpg	UploadFiles/xwzx/2022/6/202206171246171486.jpg	2194813	cace061fd297dd26f72dac2a0989a2eb6fff778e05a4074fe4d7f0e9272177fd	cace061fd297dd26f72dac2a0989a2eb6fff778e05a4074fe4d7f0e9272177fd	
UploadFiles/xwzx/2022/6/202206171246302968.JPG	UploadFiles/xwzx/2022/6/202206171246302968.JPG	150711	a20704e73f9e79e11890a8702af1015c7c7e48c7cb4cf43360fab0fc3d243a4f	a20704e73f9e79e11890a8702af1015c7c7e48c7cb4cf43360fab0fc3d243a4f	
UploadFiles/xwzx/2022/6/202206171246316354.jpg	UploadFiles/xwzx/2022/6/202206171246316354.jpg	3207219	758376edd360dcba2f079475154a04dde95e35706dd719d624a4788cdb281068	758376edd360dcba2f079475154a04dde95e35706dd719d624a4788cdb281068	
UploadFiles/xwzx/2022/6/202206171246474055.jpg	UploadFiles/xwzx/2022/6/202206171246474055.jpg	383868	8b97156b852eed259aa006154f2b48d1c81dd0521f9df75b0eaa333fd2478e64	8b97156b852eed259aa006154f2b48d1c81dd0521f9df75b0eaa333fd2478e64	
UploadFiles/xwzx/2022/6/202206171246474069.jpg	UploadFiles/xwzx/2022/6/202206171246474069.jpg	521405	f1fa3cdfedf4492b9a22d78e4536f1a728e086ee447a7dfc5986368f4a48269d	f1fa3cdfedf4492b9a22d78e4536f1a728e086ee447a7dfc5986368f4a48269d	
UploadFiles/xwzx/2022/6/202206171247004818.png	UploadFiles/xwzx/2022/6/202206171247004818.png	903692	3be9c277c482952e14e17e82b64ec993ab192657fb6b92fbfdbe10ef38315626	3be9c277c482952e14e17e82b64ec993ab192657fb6b92fbfdbe10ef38315626	
UploadFiles/xwzx/2022/6/202206171247014006.JPG	UploadFiles/xwzx/2022/6/202206171247014006.JPG	2733192	22b3595d293571c8a126e33d3ce92a1990f5401c97aac4674632e604c25030f6	22b3595d293571c8a126e33d3ce92a1990f5401c97aac4674632e604c25030f6	
UploadFiles/xwzx/2022/6/202206171247167250.jpg	UploadFiles/xwzx/2022/6/202206171247167250.jpg	84558	21aea934862a3d1836da91f3c823a80e9f562760c6cfc9508ef1352c0ed35d49	21aea934862a3d1836da91f3c823a80e9f562760c6cfc9508ef1352c0ed35d49	
UploadFiles/xwzx/2022/6/202206171247167302.jpg	UploadFiles/xwzx/2022/6/202206171247167302.jpg	76285	2846407540b0d5c590b7192b233c93593c777d5d7c6dbf6c66f181256a658217	2846407540b0d5c590b7192b233c93593c777d5d7c6dbf6c66f181256a658217	
UploadFiles/xwzx/2022/6/202206171247351804.JPG	UploadFiles/xwzx/2022/6/202206171247351804.JPG	12091392	f0e7cacedef1c34b45fcf9dd4fd3c536b0d73ce66b671f9f7af3195633072d39	f0e7cacedef1c34b45fcf9dd4fd3c536b0d73ce66b671f9f7af3195633072d39	
UploadFiles/xwzx/2022/6/202206171247374611.jpg	UploadFiles/xwzx/2022/6/202206171247374611.jpg	6236174	6e2ad812865bbb74345713a4dd92abe8d2801b6b28b5e93edfa02dd85a3a9a5e	6e2ad812865bbb74345713a4dd92abe8d2801b6b28b5e93edfa02dd85a3a9a5e	
UploadFiles/xwzx/2022/6/202206171247402667.jpg	UploadFiles/xwzx/2022/6/202206171247402667.jpg	1404443	ca053e9e842885f3389757344670dd9de184d324067f6111d9b4094225ce4220	ca053e9e842885f3389757344670dd9de184d324067f6111d9b4094225ce4220	
UploadFiles/xwzx/2022/6/202206171247407541.jpg	UploadFiles/xwzx/2022/6/202206171247407541.jpg	5882752	72076b585ed1d24a4a615d300f6a10cb6dc921511a0e329e4e7f8c3451eced81	72076b585ed1d24a4a615d300f6a10cb6dc921511a0e329e4e7f8c3451eced81	
UploadFiles/xwzx/2022/6/202206171247445152.JPG	UploadFiles/xwzx/2022/6/202206171247445152.JPG	8797582	e07bce65ce350aa0400621b27d69c60158a31d208c586701735a23ae73ae90f3	e07bce65ce350aa0400621b27d69c60158a31d208c586701735a23ae73ae90f3	
UploadFiles/xwzx/2022/6/202206171247472022.JPG	UploadFiles/xwzx/2022/6/202206171247472022.JPG	9272068	f604d3e99b2a8d6bd076a87ae08a42e9f648528533442a9e6990e37b77bd1d8f	f604d3e99b2a8d6bd076a87ae08a42e9f648528533442a9e6990e37b77bd1d8f	
UploadFiles/xwzx/2022/6/202206171247478002.JPG	UploadFiles/xwzx/2022/6/202206171247478002.JPG	8777607	4e7fa264eb368597d8c2e1dcf18f1de878a58df4ff234de5174b9f949ef3e910	4e7fa264eb368597d8c2e1dcf18f1de878a58df4ff234de5174b9f949ef3e910	
UploadFiles/xwzx/2022/6/202206171247482272.JPG	UploadFiles/xwzx/2022/6/202206171247482272.JPG	9853287	de64c80968d98632dc27a9cb9f604ab7e19fda1aba9e7297fdd8c6c45d51a535	de64c80968d98632dc27a9cb9f604ab7e19fda1aba9e7297fdd8c6c45d51a535	
UploadFiles/xwzx/2022/6/202206202042070083.JPG	UploadFiles/xwzx/2022/6/202206202042070083.JPG	81518	32772dc00c859d77cc49f2327c45dfcbce96f42dd468ab55a7484e65b9aedd65	32772dc00c859d77cc49f2327c45dfcbce96f42dd468ab55a7484e65b9aedd65	
UploadFiles/xwzx/2022/6/202206211603319966.png	UploadFiles/xwzx/2022/6/202206211603319966.png	2222912	72b1288a3e0dd2cb32aa90cbca12ce5c4d7525dd283f89fd30121247620e24e8	72b1288a3e0dd2cb32aa90cbca12ce5c4d7525dd283f89fd30121247620e24e8	
UploadFiles/xwzx/2022/6/202206211603337796.jpg	UploadFiles/xwzx/2022/6/202206211603337796.jpg	3624808	d3c32ee797706001350a72699c4978405dc38594c493583eb790f4c14243e087	d3c32ee797706001350a72699c4978405dc38594c493583eb790f4c14243e087	
UploadFiles/xwzx/2022/6/202206211603343605.jpg	UploadFiles/xwzx/2022/6/202206211603343605.jpg	2322089	bc6a5926faa6c28829a46a4d9174d93cff9858e9e51a004098b02de2b1785cdb	bc6a5926faa6c28829a46a4d9174d93cff9858e9e51a004098b02de2b1785cdb	
UploadFiles/xwzx/2022/6/202206211603347108.jpg	UploadFiles/xwzx/2022/6/202206211603347108.jpg	4734250	316cd40962054d7a5acab9349f1592ced3a46c378c34b175d452f90e0a5841db	316cd40962054d7a5acab9349f1592ced3a46c378c34b175d452f90e0a5841db	
UploadFiles/xwzx/2022/6/202206211604166707.jpg	UploadFiles/xwzx/2022/6/202206211604166707.jpg	26399	b0f4610f9282978b53d303be96dedb6d5fb69ae149f01495e2de55f26b51fce9	b0f4610f9282978b53d303be96dedb6d5fb69ae149f01495e2de55f26b51fce9	
UploadFiles/xwzx/2022/6/202206221355410851.png	UploadFiles/xwzx/2022/6/202206221355410851.png	130611	ac6394a311fe18568ed6b19f0a122a40aa183ac31b326557b91be11e56af2421	ac6394a311fe18568ed6b19f0a122a40aa183ac31b326557b91be11e56af2421	
UploadFiles/xwzx/2022/6/202206240806186210.jpg	UploadFiles/xwzx/2022/6/202206240806186210.jpg	1327632	196e5d76e5c7771498423aabdb890e1241192773be628869cb62589b9693b9ab	196e5d76e5c7771498423aabdb890e1241192773be628869cb62589b9693b9ab	
UploadFiles/xwzx/2022/6/202206240806228386.JPG	UploadFiles/xwzx/2022/6/202206240806228386.JPG	15586224	62feca8fcc489fd6d0f2307f41a5f6bba6b61278b7ac49edee5d27598e110483	62feca8fcc489fd6d0f2307f41a5f6bba6b61278b7ac49edee5d27598e110483	
UploadFiles/xwzx/2022/6/202206240806307263.JPG	UploadFiles/xwzx/2022/6/202206240806307263.JPG	15084860	fe29ebd7c8404cd20002450bbd5f794cdb68e8860eed6214c82dedd0f04049af	fe29ebd7c8404cd20002450bbd5f794cdb68e8860eed6214c82dedd0f04049af	
UploadFiles/xwzx/2022/6/202206240806383196.JPG	UploadFiles/xwzx/2022/6/202206240806383196.JPG	13279015	323f545b5f67a36e5a5fce0859a9cda634a7c332901477dfd6632adcf2e9d2b2	323f545b5f67a36e5a5fce0859a9cda634a7c332901477dfd6632adcf2e9d2b2	
UploadFiles/xwzx/2022/6/202206240806452699.JPG	UploadFiles/xwzx/2022/6/202206240806452699.JPG	13498330	5c4324eaacb87707417334775ad5a7ac2ce4701bbd3cbe93c71bff69f8b6f0c7	5c4324eaacb87707417334775ad5a7ac2ce4701bbd3cbe93c71bff69f8b6f0c7	
UploadFiles/xwzx/2022/6/202206240806568914.JPG	UploadFiles/xwzx/2022/6/202206240806568914.JPG	13451733	e4f650cb288deae165f42f229e5b64fa97efa33b8617a77807f5e74954a2c04c	e4f650cb288deae165f42f229e5b64fa97efa33b8617a77807f5e74954a2c04c	
UploadFiles/xwzx/2022/6/202206240807031134.JPG	UploadFiles/xwzx/2022/6/202206240807031134.JPG	13112249	b2a9767d17b080e07aa1e301383e679b1ae3ce5b362dbfd4ccce15f8d348e4d5	b2a9767d17b080e07aa1e301383e679b1ae3ce5b362dbfd4ccce15f8d348e4d5	
UploadFiles/xwzx/2022/6/202206240807102731.JPG	UploadFiles/xwzx/2022/6/202206240807102731.JPG	12412438	73cf5e2f000f1af10373b7a551ccd51c4526f00b5b45e32d1191409c9de85453	73cf5e2f000f1af10373b7a551ccd51c4526f00b5b45e32d1191409c9de85453	
UploadFiles/xwzx/2022/6/202206240807153886.JPG	UploadFiles/xwzx/2022/6/202206240807153886.JPG	9493999	d7fe17468e63585c166639b067008e904f1775871d12df99724474e4108dd0f0	d7fe17468e63585c166639b067008e904f1775871d12df99724474e4108dd0f0	
UploadFiles/xwzx/2022/6/202206240807193915.JPG	UploadFiles/xwzx/2022/6/202206240807193915.JPG	7602494	99efc431f0e5f643a63a0ea9cc19694dd48fddf4776e2e5d88aa4f5762e4d931	99efc431f0e5f643a63a0ea9cc19694dd48fddf4776e2e5d88aa4f5762e4d931	
UploadFiles/xwzx/2022/6/202206240807256381.JPG	UploadFiles/xwzx/2022/6/202206240807256381.JPG	9641115	4b72bdad81a6465272a6504886e81d3a3f52b5647060478f77b8d62e5e49e23b	4b72bdad81a6465272a6504886e81d3a3f52b5647060478f77b8d62e5e49e23b	
UploadFiles/xwzx/2022/6/202206240807306592.JPG	UploadFiles/xwzx/2022/6/202206240807306592.JPG	8549878	c638ee6a8de10322e74a8018364784e2ab09054acde239417879726dd2407f79	c638ee6a8de10322e74a8018364784e2ab09054acde239417879726dd2407f79	
UploadFiles/xwzx/2022/6/202206240807372260.JPG	UploadFiles/xwzx/2022/6/202206240807372260.JPG	12420194	9366658e2fd47099e5810ee6550e193fb86aa034ac947760df25b40974ce8622	9366658e2fd47099e5810ee6550e193fb86aa034ac947760df25b40974ce8622	
UploadFiles/xwzx/2022/6/202206240807443296.JPG	UploadFiles/xwzx/2022/6/202206240807443296.JPG	10933602	b2fc79c128b4611d9e725d2dffd7c68ea2246013f7dc50592100b1be9c548a26	b2fc79c128b4611d9e725d2dffd7c68ea2246013f7dc50592100b1be9c548a26	
UploadFiles/xwzx/2022/6/202206240807500796.JPG	UploadFiles/xwzx/2022/6/202206240807500796.JPG	11661678	8549caf1cec05d9c5d365766f11016bc4cf06546004c2303531add1f6911c2d0	8549caf1cec05d9c5d365766f11016bc4cf06546004c2303531add1f6911c2d0	
UploadFiles/xwzx/2022/6/202206240807549449.JPG	UploadFiles/xwzx/2022/6/202206240807549449.JPG	9467073	ad075c0c147a39a5b075ecb6a3790135c0c3bb9943c1c08a349d9444ae67ea0b	ad075c0c147a39a5b075ecb6a3790135c0c3bb9943c1c08a349d9444ae67ea0b	
UploadFiles/xwzx/2022/6/202206240807599594.JPG	UploadFiles/xwzx/2022/6/202206240807599594.JPG	9451343	dc4ed1317105d75d72bd8aa050c92a6cbfa71d1be40ca6d2234b9cc847906c96	dc4ed1317105d75d72bd8aa050c92a6cbfa71d1be40ca6d2234b9cc847906c96	
UploadFiles/xwzx/2022/6/202206240808012222.JPG	UploadFiles/xwzx/2022/6/202206240808012222.JPG	13657984	5df7b55dc9d4eeca09a368006cdc9408e215d73fde7c1b6af4354d8e36198418	5df7b55dc9d4eeca09a368006cdc9408e215d73fde7c1b6af4354d8e36198418	
UploadFiles/xwzx/2022/6/202206240808015324.JPG	UploadFiles/xwzx/2022/6/202206240808015324.JPG	15755011	89096ba09b5e140fe91900e1465485d0e63323dc005b3fb7cc2eb7bf9939983b	89096ba09b5e140fe91900e1465485d0e63323dc005b3fb7cc2eb7bf9939983b	
UploadFiles/xwzx/2022/6/202206240808141085.JPG	UploadFiles/xwzx/2022/6/202206240808141085.JPG	12522033	9f49a74b16a90c901a469f821a7cce4c1c322c577bfb9b74f3e3400b5b1db4ac	9f49a74b16a90c901a469f821a7cce4c1c322c577bfb9b74f3e3400b5b1db4ac	
UploadFiles/xwzx/2022/6/202206240808152129.JPG	UploadFiles/xwzx/2022/6/202206240808152129.JPG	12428593	8af5372b99efcebf6d67e9e3f65fdc645d027a37ec9964b6a6da4fe47aa9e784	8af5372b99efcebf6d67e9e3f65fdc645d027a37ec9964b6a6da4fe47aa9e784	
UploadFiles/xwzx/2022/6/202206240808211280.JPG	UploadFiles/xwzx/2022/6/202206240808211280.JPG	11399375	7ae094ea4fbda9f3f4baf79ab2384dc6889f2ae9d12dca2afed86eddca486ac4	7ae094ea4fbda9f3f4baf79ab2384dc6889f2ae9d12dca2afed86eddca486ac4	
UploadFiles/xwzx/2022/6/202206240808278156.JPG	UploadFiles/xwzx/2022/6/202206240808278156.JPG	9083751	15cd04a7b3a630d1f7167d889b70ffe650b82ff3a22b89fbb3e688814947e6b5	15cd04a7b3a630d1f7167d889b70ffe650b82ff3a22b89fbb3e688814947e6b5	
UploadFiles/xwzx/2022/6/202206240808350462.JPG	UploadFiles/xwzx/2022/6/202206240808350462.JPG	15371755	d49bed13023d97be0587f1494c9c20c8bc4b9c1328db6bb6a6e36b32d68c066f	d49bed13023d97be0587f1494c9c20c8bc4b9c1328db6bb6a6e36b32d68c066f	
UploadFiles/xwzx/2022/6/202206240808368921.JPG	UploadFiles/xwzx/2022/6/202206240808368921.JPG	12263074	dffe75da02f52aeb465bf69a9a3294cfcfe757810dceea2e8c89afd99d68395d	dffe75da02f52aeb465bf69a9a3294cfcfe757810dceea2e8c89afd99d68395d	
UploadFiles/xwzx/2022/6/202206240808466590.JPG	UploadFiles/xwzx/2022/6/202206240808466590.JPG	15215746	c2b2fbdf3d7d86de9900be35100f06d53d991e29a4bad83d3bdaf8e3d4c8c9c7	c2b2fbdf3d7d86de9900be35100f06d53d991e29a4bad83d3bdaf8e3d4c8c9c7	
UploadFiles/xwzx/2022/6/202206240808529359.JPG	UploadFiles/xwzx/2022/6/202206240808529359.JPG	15206727	ea6aa7b88e9746d46a9fc2d83bab4ecea40852d16599f5f6a78173e4eecedb8c	ea6aa7b88e9746d46a9fc2d83bab4ecea40852d16599f5f6a78173e4eecedb8c	
UploadFiles/xwzx/2022/6/202206240809050450.JPG	UploadFiles/xwzx/2022/6/202206240809050450.JPG	15414457	a58f03cfd935c42fc612b21170f5614ecffb23021debe901a08c3ab964396385	a58f03cfd935c42fc612b21170f5614ecffb23021debe901a08c3ab964396385	
UploadFiles/xwzx/2022/6/202206240809079447.JPG	UploadFiles/xwzx/2022/6/202206240809079447.JPG	13824973	60a61b962eaade66b80e80d6d4028b5f3f06dc6697d6437d8fa688ca0ff4c8ad	60a61b962eaade66b80e80d6d4028b5f3f06dc6697d6437d8fa688ca0ff4c8ad	
UploadFiles/xwzx/2022/6/202206240809141476.JPG	UploadFiles/xwzx/2022/6/202206240809141476.JPG	15116127	16c77eb3f79cced88bbd2bc62bf00267159c6527e446a1f1e1e8eb77512cbc29	16c77eb3f79cced88bbd2bc62bf00267159c6527e446a1f1e1e8eb77512cbc29	
UploadFiles/xwzx/2022/6/202206240809256951.JPG	UploadFiles/xwzx/2022/6/202206240809256951.JPG	14684332	4cf50b9899f8e34303e6b420f57678876c98e55b472398ac63de977ca83c4a11	4cf50b9899f8e34303e6b420f57678876c98e55b472398ac63de977ca83c4a11	
UploadFiles/xwzx/2022/6/202206240809286620.JPG	UploadFiles/xwzx/2022/6/202206240809286620.JPG	14474593	68b3cf0f496d76988ce142edd87a5e3b1a3cecf2c0da99759ce41e368d429f0c	68b3cf0f496d76988ce142edd87a5e3b1a3cecf2c0da99759ce41e368d429f0c	
UploadFiles/xwzx/2022/6/202206240809386962.JPG	UploadFiles/xwzx/2022/6/202206240809386962.JPG	15253202	266f8dacbd661c6ff193ad8a82293dbae878374cad18f37049ab80543e536502	266f8dacbd661c6ff193ad8a82293dbae878374cad18f37049ab80543e536502	
UploadFiles/xwzx/2022/6/202206240809467697.JPG	UploadFiles/xwzx/2022/6/202206240809467697.JPG	15166778	63dacebc4f3033b3be93fb88c0c50d1d8c5ba3cdc86e3aa9a52daf7b3d6cbf7b	63dacebc4f3033b3be93fb88c0c50d1d8c5ba3cdc86e3aa9a52daf7b3d6cbf7b	
UploadFiles/xwzx/2022/6/202206240809471208.JPG	UploadFiles/xwzx/2022/6/202206240809471208.JPG	14616672	5b03849740f2b7f8ab9b3004112de0f85060e3052d0141048a3c25ecf97faf10	5b03849740f2b7f8ab9b3004112de0f85060e3052d0141048a3c25ecf97faf10	
UploadFiles/xwzx/2022/6/202206240810006804.JPG	UploadFiles/xwzx/2022/6/202206240810006804.JPG	14548397	cee1b9518a720dfa6bbbafa23b54cda83709e3d5906a0ba8d79c2f135c2bc97f	cee1b9518a720dfa6bbbafa23b54cda83709e3d5906a0ba8d79c2f135c2bc97f	
UploadFiles/xwzx/2022/6/202206240810125575.JPG	UploadFiles/xwzx/2022/6/202206240810125575.JPG	15006892	6b3c99595e494b0a36b170eaea51e34346f23494fec9062f14daf89921ed727c	6b3c99595e494b0a36b170eaea51e34346f23494fec9062f14daf89921ed727c	
UploadFiles/xwzx/2022/6/202206240810129803.JPG	UploadFiles/xwzx/2022/6/202206240810129803.JPG	14873983	28c3f4130bd00417e129b239f7d7819181a879c2d520d3b363764f16373a5a58	28c3f4130bd00417e129b239f7d7819181a879c2d520d3b363764f16373a5a58	
UploadFiles/xwzx/2022/6/202206240810131546.JPG	UploadFiles/xwzx/2022/6/202206240810131546.JPG	14931167	0255f95883993a1e06ae1135ce2df9665b593dca761205c732fc2f79d5a29f5b	0255f95883993a1e06ae1135ce2df9665b593dca761205c732fc2f79d5a29f5b	
UploadFiles/xwzx/2022/6/202206240810219833.JPG	UploadFiles/xwzx/2022/6/202206240810219833.JPG	14959171	cb9d724b5632b44a8133079cd96e84c0a934686951ba3dbd49f154d7aa5f7d0f	cb9d724b5632b44a8133079cd96e84c0a934686951ba3dbd49f154d7aa5f7d0f	
UploadFiles/xwzx/2022/6/202206241445040203.jpg	UploadFiles/xwzx/2022/6/202206241445040203.jpg	161463	b4913c7f563f8ce6e63018888de07ad5c86e340f674c683d7b54aff5fdd27142	b4913c7f563f8ce6e63018888de07ad5c86e340f674c683d7b54aff5fdd27142	
UploadFiles/xwzx/2022/6/202206241445042620.jpg	UploadFiles/xwzx/2022/6/202206241445042620.jpg	185186	e00301d018f07a39459a6c858b72f2b1b1eb7965f0723bee809f21e891871ae8	e00301d018f07a39459a6c858b72f2b1b1eb7965f0723bee809f21e891871ae8	
UploadFiles/xwzx/2022/6/202206241445044344.jpg	UploadFiles/xwzx/2022/6/202206241445044344.jpg	132485	47bd2b6855def2ff3b27ab5a710f3b5f5ee72da35afeead4522a58926337130c	47bd2b6855def2ff3b27ab5a710f3b5f5ee72da35afeead4522a58926337130c	
UploadFiles/xwzx/2022/6/202206250752008433.JPG	UploadFiles/xwzx/2022/6/202206250752008433.JPG	74848	2adb3bc2df10b2ddbe869dd557b592de0b1258242a0234d54d14f763100d4beb	2adb3bc2df10b2ddbe869dd557b592de0b1258242a0234d54d14f763100d4beb	
UploadFiles/xwzx/2022/6/202206271222507218.jpg	UploadFiles/xwzx/2022/6/202206271222507218.jpg	37194	36d414433578bd3f242fb2b2820d0163484d172ac6e090a2cb3a131965ec5a3f	36d414433578bd3f242fb2b2820d0163484d172ac6e090a2cb3a131965ec5a3f	
UploadFiles/xwzx/2022/6/202206271635132914.JPG	UploadFiles/xwzx/2022/6/202206271635132914.JPG	2355311	933aa7c4bc69b5fd9a9f09895b8e5343f174d514dc2ae903c3a918a146c63011	933aa7c4bc69b5fd9a9f09895b8e5343f174d514dc2ae903c3a918a146c63011	
UploadFiles/xwzx/2022/6/202206271635139024.JPG	UploadFiles/xwzx/2022/6/202206271635139024.JPG	3169605	d22dd4ead672301291228fc804884be6eeee9839773240879fe2483a1a3487dd	d22dd4ead672301291228fc804884be6eeee9839773240879fe2483a1a3487dd	
UploadFiles/xwzx/2022/6/202206271635163723.JPG	UploadFiles/xwzx/2022/6/202206271635163723.JPG	2454223	b4f3c8d5877c0c0e3ec0bdf4eba9a28a8b4b2b5904d46a0e89074730f34954d0	b4f3c8d5877c0c0e3ec0bdf4eba9a28a8b4b2b5904d46a0e89074730f34954d0	
UploadFiles/xwzx/2022/6/202206271635168601.JPG	UploadFiles/xwzx/2022/6/202206271635168601.JPG	2321240	b5f244fea1cb69aeba295b810c2d1dc1609ae6b1689f62d4408b9a14fb099a51	b5f244fea1cb69aeba295b810c2d1dc1609ae6b1689f62d4408b9a14fb099a51	
UploadFiles/xwzx/2022/6/202206271635194370.JPG	UploadFiles/xwzx/2022/6/202206271635194370.JPG	2503445	f7894d2a5d999f9f74bd89d4f778695112f33713801493efa6cd8ab59c7027f4	f7894d2a5d999f9f74bd89d4f778695112f33713801493efa6cd8ab59c7027f4	
UploadFiles/xwzx/2022/6/202206271635203345.JPG	UploadFiles/xwzx/2022/6/202206271635203345.JPG	2940700	37fc1b8b1ddf2fc08a390eae6674d611e26c69f2c554130b85a993fe22314ea6	37fc1b8b1ddf2fc08a390eae6674d611e26c69f2c554130b85a993fe22314ea6	
UploadFiles/xwzx/2022/6/202206271635205095.JPG	UploadFiles/xwzx/2022/6/202206271635205095.JPG	2050495	8c0550be356c535ffe0c9f689c05816a60d8f6fb21be3d5894cf43ddb18304cb	8c0550be356c535ffe0c9f689c05816a60d8f6fb21be3d5894cf43ddb18304cb	
UploadFiles/xwzx/2022/6/202206280853404840.JPG	UploadFiles/xwzx/2022/6/202206280853404840.JPG	15662937	248ba7deb8ddc7f7ca52a1b0191bd58a08206165861c1f26d4c5bfa947809050	248ba7deb8ddc7f7ca52a1b0191bd58a08206165861c1f26d4c5bfa947809050	
UploadFiles/xwzx/2022/6/202206280853413635.JPG	UploadFiles/xwzx/2022/6/202206280853413635.JPG	13795546	53dcaa01081333b7bda8942ebe99f1d5441afe0cb73d964f6a43d0c35ef2ae51	53dcaa01081333b7bda8942ebe99f1d5441afe0cb73d964f6a43d0c35ef2ae51	
UploadFiles/xwzx/2022/6/202206280853421179.JPG	UploadFiles/xwzx/2022/6/202206280853421179.JPG	14426793	95d4f5840e6e6becc0841abf58731ea8fb429cb42163d6fc1c78051e74adfa58	95d4f5840e6e6becc0841abf58731ea8fb429cb42163d6fc1c78051e74adfa58	
UploadFiles/xwzx/2022/6/202206280853535727.JPG	UploadFiles/xwzx/2022/6/202206280853535727.JPG	13313657	bca12d0b52b4e20d184273a1d7cb2122aaad622f138da7a98da9ff30578971d6	bca12d0b52b4e20d184273a1d7cb2122aaad622f138da7a98da9ff30578971d6	
UploadFiles/xwzx/2022/6/202206280853599912.JPG	UploadFiles/xwzx/2022/6/202206280853599912.JPG	13878437	165b5c32b4a552f2c30d13811f574cd467a581fa5d05fe604791f2fc0e9115e9	165b5c32b4a552f2c30d13811f574cd467a581fa5d05fe604791f2fc0e9115e9	
UploadFiles/xwzx/2022/6/202206280854014119.JPG	UploadFiles/xwzx/2022/6/202206280854014119.JPG	13564966	4a3b49c9d6b4527c2fc9efa4d02a80684b4d06a12dc227fd1ebf695f0f2bcdd6	4a3b49c9d6b4527c2fc9efa4d02a80684b4d06a12dc227fd1ebf695f0f2bcdd6	
UploadFiles/xwzx/2022/6/202206280854154676.JPG	UploadFiles/xwzx/2022/6/202206280854154676.JPG	14318054	c8dd2d2d53aab93dcd430b419abc037dbc3f4abfe5786f8c054d996e6c5a4bc8	c8dd2d2d53aab93dcd430b419abc037dbc3f4abfe5786f8c054d996e6c5a4bc8	
UploadFiles/xwzx/2022/6/202206280854215514.JPG	UploadFiles/xwzx/2022/6/202206280854215514.JPG	15938581	9170f9c7a2c17172e8fde24dd67c388579086b0451c7cbf9527aaec6b26bbcb1	9170f9c7a2c17172e8fde24dd67c388579086b0451c7cbf9527aaec6b26bbcb1	
UploadFiles/xwzx/2022/6/202206280854242813.JPG	UploadFiles/xwzx/2022/6/202206280854242813.JPG	15693174	b99341c18727cbb40c7d252628771effaa1ec5ef0b644ca0e9aee55f588822ca	b99341c18727cbb40c7d252628771effaa1ec5ef0b644ca0e9aee55f588822ca	
UploadFiles/xwzx/2022/6/202206280854385593.JPG	UploadFiles/xwzx/2022/6/202206280854385593.JPG	14726370	5cc5123d5e7c923a4262501ccb0fc018d0e79f090d8dcef1235c655a90b13d65	5cc5123d5e7c923a4262501ccb0fc018d0e79f090d8dcef1235c655a90b13d65	
UploadFiles/xwzx/2022/6/202206280854393565.JPG	UploadFiles/xwzx/2022/6/202206280854393565.JPG	14082377	89f5f81108484cc60e749b38cc7c463f3d3e1d172c687eb9376a4b833ea3561c	89f5f81108484cc60e749b38cc7c463f3d3e1d172c687eb9376a4b833ea3561c	
UploadFiles/xwzx/2022/6/202206280854454732.JPG	UploadFiles/xwzx/2022/6/202206280854454732.JPG	13942757	5ec484a1f76c8e659d0cc51d51306a867f5a78e72d67580b6d02f77209c081cf	5ec484a1f76c8e659d0cc51d51306a867f5a78e72d67580b6d02f77209c081cf	
UploadFiles/xwzx/2022/6/202206280854566706.JPG	UploadFiles/xwzx/2022/6/202206280854566706.JPG	14977449	d65ac135c237d2a1d07a2def4ff5f24c6714facbc81beb49e2a5964bd5d5f14a	d65ac135c237d2a1d07a2def4ff5f24c6714facbc81beb49e2a5964bd5d5f14a	
UploadFiles/xwzx/2022/6/202206280854583832.JPG	UploadFiles/xwzx/2022/6/202206280854583832.JPG	14916099	0aede88fecc7c159cdef3bd2046d6e9f58d8b75167a1b855fa7785f2d0718a25	0aede88fecc7c159cdef3bd2046d6e9f58d8b75167a1b855fa7785f2d0718a25	
UploadFiles/xwzx/2022/6/202206280855027467.JPG	UploadFiles/xwzx/2022/6/202206280855027467.JPG	15340644	4bb7d1119be65a79174204c05041280dab51284d4502d39dcc60bb96b185dde8	4bb7d1119be65a79174204c05041280dab51284d4502d39dcc60bb96b185dde8	
UploadFiles/xwzx/2022/6/202206280855139605.JPG	UploadFiles/xwzx/2022/6/202206280855139605.JPG	15733287	523f5927559c581c667c225a96dfd19a7e1fd8e4487c108da0c814685c0c30c7	523f5927559c581c667c225a96dfd19a7e1fd8e4487c108da0c814685c0c30c7	
UploadFiles/xwzx/2022/6/202206280855209266.JPG	UploadFiles/xwzx/2022/6/202206280855209266.JPG	15793436	c3697c41dbc43761f70969d95b5dc1c8c9dcbf0f8a7ecb35ebae389bde630347	c3697c41dbc43761f70969d95b5dc1c8c9dcbf0f8a7ecb35ebae389bde630347	
UploadFiles/xwzx/2022/6/202206280855265914.JPG	UploadFiles/xwzx/2022/6/202206280855265914.JPG	16425760	56802f1beb1fa5ac243574353f4c2adb16b6c70f2e0ccfba0f94031e2333dbbe	56802f1beb1fa5ac243574353f4c2adb16b6c70f2e0ccfba0f94031e2333dbbe	
UploadFiles/xwzx/2022/6/202206280855360889.JPG	UploadFiles/xwzx/2022/6/202206280855360889.JPG	15318803	5f935f25af3533eb74743c98480d51d446db94fdf0f0fcb27b845a7594776f03	5f935f25af3533eb74743c98480d51d446db94fdf0f0fcb27b845a7594776f03	
UploadFiles/xwzx/2022/6/202206280855384656.JPG	UploadFiles/xwzx/2022/6/202206280855384656.JPG	16439486	7afeb06fdbd60d7883567dc92d642cf48d678e6398a97a7ebad2685e586fb54b	7afeb06fdbd60d7883567dc92d642cf48d678e6398a97a7ebad2685e586fb54b	
UploadFiles/xwzx/2022/6/202206280855422508.JPG	UploadFiles/xwzx/2022/6/202206280855422508.JPG	15676032	bffde18d237974f01ce19fb64571679eeb8c74c07f9823d93ba9cbb9cbe15d5a	bffde18d237974f01ce19fb64571679eeb8c74c07f9823d93ba9cbb9cbe15d5a	
UploadFiles/xwzx/2022/6/202206280855555413.JPG	UploadFiles/xwzx/2022/6/202206280855555413.JPG	14473646	6fca51316a1093cbfdc6effc5a8109fefde947aeb2089575e5222f6b4d288725	6fca51316a1093cbfdc6effc5a8109fefde947aeb2089575e5222f6b4d288725	
UploadFiles/xwzx/2022/6/202206280855594951.JPG	UploadFiles/xwzx/2022/6/202206280855594951.JPG	14879639	e149b2e1f7e5f07029d5e8a75d9ffcd3d5c05a6a959051fa684f824502b89980	e149b2e1f7e5f07029d5e8a75d9ffcd3d5c05a6a959051fa684f824502b89980	
UploadFiles/xwzx/2022/6/202206280856035151.JPG	UploadFiles/xwzx/2022/6/202206280856035151.JPG	3615452	1cdba3b8e5c28576fdb40c548ccde06f175191037c010bbb5e703346e9f5a8bb	1cdba3b8e5c28576fdb40c548ccde06f175191037c010bbb5e703346e9f5a8bb	
UploadFiles/xwzx/2022/6/202206280856039146.JPG	UploadFiles/xwzx/2022/6/202206280856039146.JPG	2149928	419a37c80be4d971f04a3dfe37618aa3a1cfa93bbd9f7c3ed227d08b858bc0ba	419a37c80be4d971f04a3dfe37618aa3a1cfa93bbd9f7c3ed227d08b858bc0ba	
UploadFiles/xwzx/2022/6/202206280856040767.JPG	UploadFiles/xwzx/2022/6/202206280856040767.JPG	250008	0b3c4f80372dda55d72dbd607f14226ba58d1f42ea9b1c5fc9900a46a0169e10	0b3c4f80372dda55d72dbd607f14226ba58d1f42ea9b1c5fc9900a46a0169e10	
UploadFiles/xwzx/2022/6/202206280856045655.JPG	UploadFiles/xwzx/2022/6/202206280856045655.JPG	14036010	3a7a0de15413c117b2c80a181a19f3473474577554dda491fc1200410b2a9787	3a7a0de15413c117b2c80a181a19f3473474577554dda491fc1200410b2a9787	
UploadFiles/xwzx/2022/6/202206280856059471.jpg	UploadFiles/xwzx/2022/6/202206280856059471.jpg	132019	e1c7603eaaeadda2b214063989a43e721ab37e50fcda47124eb0debba4db2d75	e1c7603eaaeadda2b214063989a43e721ab37e50fcda47124eb0debba4db2d75	
UploadFiles/xwzx/2022/6/202206280856088954.JPG	UploadFiles/xwzx/2022/6/202206280856088954.JPG	1798395	ace4058557b291961c8c19cf08a1ae587489b940d17ef1d1a7e65124029a3e67	ace4058557b291961c8c19cf08a1ae587489b940d17ef1d1a7e65124029a3e67	
UploadFiles/xwzx/2022/6/202206280856106194.jpg	UploadFiles/xwzx/2022/6/202206280856106194.jpg	3507396	606b4d7c2a180b4fda5ba05e7f1ac31f7f3395114bbc34fca98ad65cb8fcf6b6	606b4d7c2a180b4fda5ba05e7f1ac31f7f3395114bbc34fca98ad65cb8fcf6b6	
UploadFiles/xwzx/2022/6/202206280856121316.jpg	UploadFiles/xwzx/2022/6/202206280856121316.jpg	3671960	345ef5430aa0817cd4e24e53e80daa69d842880e0fc1f10073d07ba01634eac8	345ef5430aa0817cd4e24e53e80daa69d842880e0fc1f10073d07ba01634eac8	
UploadFiles/xwzx/2022/6/202206280856143048.jpg	UploadFiles/xwzx/2022/6/202206280856143048.jpg	3654023	004b785178a06dbd3ecc03ef4b1394af4c1d3360f9ea46214344a995669c2da2	004b785178a06dbd3ecc03ef4b1394af4c1d3360f9ea46214344a995669c2da2	
UploadFiles/xwzx/2022/6/202206280856164133.jpg	UploadFiles/xwzx/2022/6/202206280856164133.jpg	5958455	dda0058b485c8db2e6a5ea9fd58f0b9b9b4de299a4dda821b040dfe35f6d15cd	dda0058b485c8db2e6a5ea9fd58f0b9b9b4de299a4dda821b040dfe35f6d15cd	
UploadFiles/xwzx/2022/6/202206290926570294.jpg	UploadFiles/xwzx/2022/6/202206290926570294.jpg	113100	66d06bae15122b99e205ca77e45f0fbfb175469d5dc7c2dc6c59c70272a10665	66d06bae15122b99e205ca77e45f0fbfb175469d5dc7c2dc6c59c70272a10665	
UploadFiles/xwzx/2022/6/202206290934258008.jpg	UploadFiles/xwzx/2022/6/202206290934258008.jpg	170898	32f1fefb4dddd06cb199424046aedbe412c8edadb774fe436913cce3f86b2e55	32f1fefb4dddd06cb199424046aedbe412c8edadb774fe436913cce3f86b2e55	
